model,test,depth,concurrency,t/s,t/s_err,t/s (req),t/s (req)_err,peak t/s,peak t/s_err,peak t/s (req),peak t/s (req)_err,ttfr (ms),ttfr (ms)_err,est_ppt (ms),est_ppt (ms)_err,e2e_ttft (ms),e2e_ttft (ms)_err
DeepSeek-V4-Flash-IQ2XXS-MTP,pp2048,d0,1,115.74,0.31,115.74,0.31,,,,,16512.13,361.53,16087.90,361.53,16720.64,361.26
DeepSeek-V4-Flash-IQ2XXS-MTP,tg128,d0,1,29.64,0.22,29.64,0.22,34.67,0.47,34.67,0.47,,,,,,
DeepSeek-V4-Flash-IQ2XXS-MTP,pp2048,d0,2,89.08,0.35,80.47,34.87,,,,,29364.84,12759.18,28940.61,12759.18,29561.33,12746.62
DeepSeek-V4-Flash-IQ2XXS-MTP,tg128,d0,2,16.70,2.13,33.32,7.21,46.67,12.97,41.33,10.72,,,,,,
DeepSeek-V4-Flash-IQ2XXS-MTP,pp2048,d0,4,80.87,0.12,52.24,37.62,,,,,54630.82,28279.28,54206.59,28279.28,54832.51,28272.76
DeepSeek-V4-Flash-IQ2XXS-MTP,tg128,d0,4,11.97,0.16,29.68,0.76,37.67,0.94,35.67,1.49,,,,,,
DeepSeek-V4-Flash-IQ2XXS-MTP,pp2048,d8192,1,114.89,0.06,114.89,0.06,,,,,82434.02,1188.18,82009.79,1188.18,82633.54,1155.56
DeepSeek-V4-Flash-IQ2XXS-MTP,tg128,d8192,1,28.26,2.03,28.26,2.03,32.00,0.00,32.00,0.00,,,,,,
DeepSeek-V4-Flash-IQ2XXS-MTP,pp2048,d8192,2,108.15,0.08,84.88,30.20,,,,,128380.17,46362.66,127955.94,46362.66,128590.08,46379.69
DeepSeek-V4-Flash-IQ2XXS-MTP,tg128,d8192,2,4.99,0.15,27.82,0.74,32.67,1.25,32.67,1.25,,,,,,
DeepSeek-V4-Flash-IQ2XXS-MTP,pp2048,d8192,4,106.97,1.07,57.86,34.28,,,,,218733.86,100518.34,218309.63,100518.34,218938.08,100501.25
DeepSeek-V4-Flash-IQ2XXS-MTP,tg128,d8192,4,2.93,0.30,26.64,1.13,33.00,0.00,31.50,1.26,,,,,,
DeepSeek-V4-Flash-IQ2XXS-MTP,pp2048,d16384,1,113.77,0.00,113.77,0.00,,,,,150455.36,885.99,150031.12,885.99,150654.51,902.02
DeepSeek-V4-Flash-IQ2XXS-MTP,tg128,d16384,1,25.77,0.84,25.77,0.84,31.67,0.94,31.67,0.94,,,,,,
DeepSeek-V4-Flash-IQ2XXS-MTP,pp2048,d16384,2,109.75,0.00,84.27,29.34,,,,,231513.54,80262.77,231089.31,80262.77,231701.81,80250.67
DeepSeek-V4-Flash-IQ2XXS-MTP,tg128,d16384,2,2.83,0.05,25.80,0.97,32.00,0.82,31.67,1.11,,,,,,
DeepSeek-V4-Flash-IQ2XXS-MTP,pp2048,d16384,4,108.22,0.03,58.00,33.64,,,,,389961.34,178591.72,389537.10,178591.72,390160.30,178618.72
DeepSeek-V4-Flash-IQ2XXS-MTP,tg128,d16384,4,1.93,0.07,25.43,2.20,34.00,0.82,32.00,1.68,,,,,,
DeepSeek-V4-Flash-IQ2XXS-w2Q2K-AProjQ8-SExpQ8-OutQ8-chat-v2-imatrix-0731,pp2048,d0,1,182.23,0.82,182.23,0.82,,,,,10876.89,178.25,10520.00,178.25,11196.33,205.27
DeepSeek-V4-Flash-IQ2XXS-w2Q2K-AProjQ8-SExpQ8-OutQ8-chat-v2-imatrix-0731,tg128,d0,1,16.91,0.40,16.91,0.40,21.33,0.94,21.33,0.94,,,,,,
DeepSeek-V4-Flash-IQ2XXS-w2Q2K-AProjQ8-SExpQ8-OutQ8-chat-v2-imatrix-0731,pp2048,d0,2,102.32,0.69,117.16,64.82,,,,,23988.99,13136.58,23632.10,13136.58,24329.46,13156.03
DeepSeek-V4-Flash-IQ2XXS-w2Q2K-AProjQ8-SExpQ8-OutQ8-chat-v2-imatrix-0731,tg128,d0,2,12.54,0.31,17.22,0.54,22.33,0.47,21.50,0.96,,,,,,
DeepSeek-V4-Flash-IQ2XXS-w2Q2K-AProjQ8-SExpQ8-OutQ8-chat-v2-imatrix-0731,pp2048,d0,4,85.30,0.35,71.78,64.78,,,,,50160.29,29408.20,49803.41,29408.20,50470.40,29439.45
DeepSeek-V4-Flash-IQ2XXS-w2Q2K-AProjQ8-SExpQ8-OutQ8-chat-v2-imatrix-0731,tg128,d0,4,10.82,0.21,16.86,0.78,23.67,0.47,22.25,1.42,,,,,,
DeepSeek-V4-Flash-IQ2XXS-w2Q2K-AProjQ8-SExpQ8-OutQ8-chat-v2-imatrix-0731,pp2048,d8192,1,172.28,0.39,172.28,0.39,,,,,55058.70,621.40,54701.82,621.40,55434.94,621.33
DeepSeek-V4-Flash-IQ2XXS-w2Q2K-AProjQ8-SExpQ8-OutQ8-chat-v2-imatrix-0731,tg128,d8192,1,16.09,0.52,16.09,0.52,20.33,1.25,20.33,1.25,,,,,,
DeepSeek-V4-Flash-IQ2XXS-w2Q2K-AProjQ8-SExpQ8-OutQ8-chat-v2-imatrix-0731,pp2048,d8192,2,149.25,0.46,123.42,48.60,,,,,91039.55,35496.49,90682.66,35496.49,91374.08,35496.37
DeepSeek-V4-Flash-IQ2XXS-w2Q2K-AProjQ8-SExpQ8-OutQ8-chat-v2-imatrix-0731,tg128,d8192,2,5.65,0.06,15.61,0.57,22.67,0.94,21.33,1.80,,,,,,
DeepSeek-V4-Flash-IQ2XXS-w2Q2K-AProjQ8-SExpQ8-OutQ8-chat-v2-imatrix-0731,pp2048,d8192,4,140.62,0.14,82.74,53.61,,,,,161884.86,79801.54,161527.98,79801.54,162229.77,79768.95
DeepSeek-V4-Flash-IQ2XXS-w2Q2K-AProjQ8-SExpQ8-OutQ8-chat-v2-imatrix-0731,tg128,d8192,4,4.34,0.03,15.89,0.77,22.33,0.47,20.75,1.79,,,,,,
DeepSeek-V4-Flash-IQ2XXS-w2Q2K-AProjQ8-SExpQ8-OutQ8-chat-v2-imatrix-0731,pp2048,d16384,1,172.50,0.89,172.50,0.89,,,,,99090.86,476.35,98733.97,476.35,99345.62,476.11
DeepSeek-V4-Flash-IQ2XXS-w2Q2K-AProjQ8-SExpQ8-OutQ8-chat-v2-imatrix-0731,tg128,d16384,1,14.98,0.40,14.98,0.40,20.33,2.05,20.33,2.05,,,,,,
DeepSeek-V4-Flash-IQ2XXS-w2Q2K-AProjQ8-SExpQ8-OutQ8-chat-v2-imatrix-0731,pp2048,d16384,2,159.15,0.65,126.53,46.63,,,,,156250.87,57617.02,155893.99,57617.02,156568.89,57554.76
DeepSeek-V4-Flash-IQ2XXS-w2Q2K-AProjQ8-SExpQ8-OutQ8-chat-v2-imatrix-0731,tg128,d16384,2,3.67,0.07,15.13,0.54,20.33,0.94,19.83,0.90,,,,,,
DeepSeek-V4-Flash-IQ2XXS-w2Q2K-AProjQ8-SExpQ8-OutQ8-chat-v2-imatrix-0731,pp2048,d16384,4,153.02,0.07,85.40,52.23,,,,,272132.94,128823.83,271776.05,128823.83,272451.32,128815.05
DeepSeek-V4-Flash-IQ2XXS-w2Q2K-AProjQ8-SExpQ8-OutQ8-chat-v2-imatrix-0731,tg128,d16384,4,2.68,0.02,15.29,0.54,20.00,0.00,19.50,0.76,,,,,,
GLM-5.2,pp2048,d0,1,20908.78,0.00,20908.78,0.00,,,,,1099.23,236.64,30.10,42.57,1099.23,236.64
GLM-5.2,tg128,d0,1,466.43,199.81,466.43,199.81,477.27,209.93,477.27,209.93,,,,,,
GLM-5.2,pp2048,d0,2,3169.64,653.50,9184.03,1635.12,,,,,1138.57,272.43,67.32,97.89,1138.57,272.43
GLM-5.2,tg128,d0,2,548.64,120.75,384.49,226.94,552.49,121.55,389.67,231.27,,,,,,
GLM-5.2,pp2048,d0,4,4508.17,1339.18,10087.24,7673.23,,,,,1543.42,560.57,357.99,490.01,1570.64,555.18
GLM-5.2,tg128,d0,4,478.15,222.54,304.67,241.78,557.54,118.07,309.90,246.62,,,,,,
GLM-5.2,pp2048,d8192,1,41489.41,15441.81,41489.41,15441.81,,,,,1516.73,93.56,254.56,93.56,1516.73,93.56
GLM-5.2,tg128,d8192,1,232.90,73.78,232.90,73.78,234.66,74.30,234.66,74.30,,,,,,
GLM-5.2,pp2048,d8192,2,8862.22,2291.31,14381.74,10057.94,,,,,1967.11,527.89,732.04,485.09,1967.27,527.94
GLM-5.2,tg128,d8192,2,296.54,32.60,268.83,99.23,304.81,26.34,274.10,98.68,,,,,,
GLM-5.2,pp2048,d8192,4,13304.64,3105.32,11595.25,10167.30,,,,,2388.23,586.98,1126.06,586.98,2440.82,567.51
GLM-5.2,tg128,d8192,4,513.44,229.10,385.41,526.90,625.75,153.62,1964.05,5701.14,,,,,,
GLM-5.2,pp2048,d16384,1,36457.79,17011.53,36457.79,17011.53,,,,,1798.40,195.03,536.22,195.03,1798.40,195.03
GLM-5.2,tg128,d16384,1,396.12,231.72,396.12,231.72,405.19,233.98,405.19,233.98,,,,,,
GLM-5.2,pp2048,d16384,2,12144.08,1914.66,15085.53,6717.42,,,,,2548.81,504.54,1286.63,504.54,2619.35,423.47
GLM-5.2,tg128,d16384,2,347.80,60.27,265.03,120.88,344.50,68.76,264.30,129.01,,,,,,
GLM-5.2,pp2048,d16384,4,18231.05,4873.02,8793.18,3470.65,,,,,3511.80,1052.24,2249.63,1052.24,3811.62,1202.93
GLM-5.2,tg128,d16384,4,967.69,295.51,336.11,103.89,974.43,297.62,339.40,104.63,,,,,,
Hy3-Q2_K_L-split.1-4,pp2048,d0,1,144.80,1.12,144.80,1.12,,,,,13534.86,331.63,12707.43,331.63,13534.86,331.63
Hy3-Q2_K_L-split.1-4,tg128,d0,1,20.75,0.41,20.75,0.41,24.33,0.47,24.33,0.47,,,,,,
Hy3-Q2_K_L-split.1-4,pp2048,d0,2,134.31,1.84,96.34,27.51,,,,,20781.18,5598.40,19953.76,5598.40,20781.18,5598.40
Hy3-Q2_K_L-split.1-4,tg128,d0,2,13.79,0.74,11.19,4.38,37.00,1.63,19.83,1.95,,,,,,
Hy3-Q2_K_L-split.1-4,pp2048,d0,4,132.24,0.99,61.02,30.77,,,,,37026.67,14335.55,36199.25,14335.55,37026.67,14335.55
Hy3-Q2_K_L-split.1-4,tg128,d0,4,13.30,3.93,7.95,7.92,62.33,23.84,16.92,10.69,,,,,,
Hy3-Q2_K_L-split.1-4,pp2048,d8192,1,125.23,0.10,125.23,0.10,,,,,72829.36,416.49,72001.94,416.49,72829.36,416.49
Hy3-Q2_K_L-split.1-4,tg128,d8192,1,18.39,0.90,18.39,0.90,23.00,2.94,23.00,2.94,,,,,,
Hy3-Q2_K_L-split.1-4,pp2048,d8192,2,120.97,0.10,85.81,24.74,,,,,115540.53,33503.61,114713.11,33503.61,115540.53,33503.61
Hy3-Q2_K_L-split.1-4,tg128,d8192,2,3.44,0.02,6.37,4.56,28.00,0.82,14.33,1.25,,,,,,
Hy3-Q2_K_L-split.1-4,pp2048,d8192,4,119.41,0.30,58.09,29.37,,,,,193291.31,81307.67,192463.89,81307.67,193291.31,81307.67
Hy3-Q2_K_L-split.1-4,tg128,d8192,4,2.32,0.02,2.41,2.41,32.67,1.89,9.75,1.23,,,,,,
Hy3-Q2_K_L-split.1-4,pp2048,d16384,1,109.68,0.21,109.68,0.21,,,,,147885.73,1633.78,147058.31,1633.78,147885.73,1633.78
Hy3-Q2_K_L-split.1-4,tg128,d16384,1,16.42,0.68,16.42,0.68,21.00,0.82,21.00,0.82,,,,,,
Hy3-Q2_K_L-split.1-4,pp2048,d16384,2,106.46,0.13,80.44,27.08,,,,,227218.42,76197.53,226391.00,76197.53,227218.42,76197.53
Hy3-Q2_K_L-split.1-4,tg128,d16384,2,1.64,0.08,5.23,4.41,23.33,2.05,13.17,2.41,,,,,,
Hy3-Q2_K_L-split.1-4,pp2048,d16384,4,103.73,0.12,54.13,30.09,,,,,388220.53,174008.22,387393.10,174008.22,388220.53,174008.22
Hy3-Q2_K_L-split.1-4,tg128,d16384,4,1.09,0.03,1.60,1.96,28.00,6.48,8.75,1.42,,,,,,
Kimi-K3,tg128,d0,1,140.06,6.47,140.06,6.47,141.35,7.05,141.35,7.05,,,,,,
Kimi-K3,pp2048,d0,2,5886.76,205.96,31559.02,16360.77,,,,,509.64,121.36,40.41,50.22,642.09,28.92
Kimi-K3,tg128,d0,2,190.30,13.22,98.93,5.67,201.33,15.43,103.33,7.25,,,,,,
Kimi-K3,pp2048,d0,4,9811.35,532.74,10273.74,2447.72,,,,,651.87,151.14,144.84,92.00,765.21,38.42
Kimi-K3,tg128,d0,4,346.56,35.34,99.74,16.72,397.67,38.85,102.33,13.73,,,,,,
Kimi-K3,pp2048,d8192,1,48904.33,15156.38,48904.33,15156.38,,,,,756.83,83.08,214.95,83.08,787.74,64.19
Kimi-K3,tg128,d8192,1,115.16,11.86,115.16,11.86,119.67,13.27,119.67,13.27,,,,,,
Kimi-K3,pp2048,d8192,2,14979.17,250.96,35602.04,22234.81,,,,,959.73,255.35,417.85,255.35,1237.84,25.75
Kimi-K3,tg128,d8192,2,170.13,11.08,91.37,7.28,190.00,10.98,98.17,8.71,,,,,,
Kimi-K3,pp2048,d8192,4,17312.49,329.61,17826.60,19249.04,,,,,1607.86,555.47,1065.97,555.47,2128.01,22.30
Kimi-K3,tg128,d8192,4,288.99,38.89,84.02,11.07,335.67,14.52,91.08,9.97,,,,,,
Kimi-K3,pp2048,d16384,1,22876.13,266.86,22876.13,266.86,,,,,1277.50,11.89,735.62,11.89,1302.09,11.18
Kimi-K3,tg128,d16384,1,101.38,4.84,101.38,4.84,109.67,4.03,109.67,4.03,,,,,,
Kimi-K3,pp2048,d16384,2,15333.80,284.72,11389.66,977.31,,,,,2017.33,125.87,1475.45,125.87,2175.82,42.22
Kimi-K3,tg128,d16384,2,161.77,4.57,83.71,5.76,176.33,6.02,91.83,6.72,,,,,,
Kimi-K3,pp2048,d16384,4,17415.05,87.87,7539.74,2762.93,,,,,3019.48,736.95,2477.60,736.95,3832.51,28.43
Kimi-K3,tg128,d16384,4,245.20,29.97,71.30,9.75,326.67,14.43,83.58,10.29,,,,,,
Ornith-1.0-35B-Q4_K_M,pp2048,d0,1,7761.72,99.44,7761.72,99.44,,,,,274.82,4.00,236.11,4.00,274.82,4.00
Ornith-1.0-35B-Q4_K_M,tg128,d0,1,278.09,4.98,278.09,4.98,280.79,5.57,280.79,5.57,,,,,,
Ornith-1.0-35B-Q4_K_M,pp2048,d0,2,5842.08,228.01,4091.08,1087.41,,,,,523.46,115.23,484.74,115.23,523.46,115.23
Ornith-1.0-35B-Q4_K_M,tg128,d0,2,296.16,12.80,171.03,18.45,298.28,12.81,172.26,18.59,,,,,,
Ornith-1.0-35B-Q4_K_M,pp2048,d0,4,5697.65,70.46,2263.81,798.78,,,,,947.81,279.84,909.10,279.84,947.81,279.84
Ornith-1.0-35B-Q4_K_M,tg128,d0,4,314.75,11.07,105.87,22.11,540.67,13.27,135.50,6.18,,,,,,
Ornith-1.0-35B-Q4_K_M,pp2048,d8192,1,6394.87,300.51,6394.87,300.51,,,,,1487.11,74.00,1448.40,74.00,1487.11,74.00
Ornith-1.0-35B-Q4_K_M,tg128,d8192,1,256.11,6.33,256.11,6.33,257.96,6.36,257.96,6.36,,,,,,
Ornith-1.0-35B-Q4_K_M,pp2048,d8192,2,5588.29,67.39,3831.78,975.53,,,,,2622.41,683.13,2583.69,683.13,2622.41,683.13
Ornith-1.0-35B-Q4_K_M,tg128,d8192,2,127.67,3.05,121.20,57.28,270.33,3.30,155.53,24.33,,,,,,
Ornith-1.0-35B-Q4_K_M,pp2048,d8192,4,5506.51,5.31,2431.07,1093.24,,,,,4583.62,1668.15,4544.90,1668.15,4583.62,1668.15
Ornith-1.0-35B-Q4_K_M,tg128,d8192,4,98.12,0.75,59.73,37.23,497.00,4.32,125.42,5.01,,,,,,
Ornith-1.0-35B-Q4_K_M,pp2048,d16384,1,5129.48,228.39,5129.48,228.39,,,,,3321.60,137.87,3282.89,137.87,3321.60,137.87
Ornith-1.0-35B-Q4_K_M,tg128,d16384,1,229.72,5.83,229.72,5.83,231.42,5.86,231.42,5.86,,,,,,
Ornith-1.0-35B-Q4_K_M,pp2048,d16384,2,4564.07,64.21,3150.26,862.08,,,,,5779.59,1559.25,5740.87,1559.25,5779.59,1559.25
Ornith-1.0-35B-Q4_K_M,tg128,d16384,2,69.33,0.55,100.35,65.37,267.33,1.25,148.13,18.88,,,,,,
Ornith-1.0-35B-Q4_K_M,pp2048,d16384,4,4572.55,3.47,2081.77,957.67,,,,,9710.10,3731.53,9671.39,3731.53,9710.10,3731.53
Ornith-1.0-35B-Q4_K_M,tg128,d16384,4,49.06,0.47,45.00,42.65,453.67,1.89,114.92,2.56,,,,,,
Ornith-1.0-35B-Q5_K_M,pp2048,d0,1,7367.66,334.89,7367.66,334.89,,,,,287.52,9.03,252.03,9.03,287.52,9.03
Ornith-1.0-35B-Q5_K_M,tg128,d0,1,267.51,2.46,267.51,2.46,269.45,2.47,269.45,2.47,,,,,,
Ornith-1.0-35B-Q5_K_M,pp2048,d0,2,5763.34,215.86,3976.45,945.93,,,,,522.13,114.14,486.64,114.14,522.13,114.14
Ornith-1.0-35B-Q5_K_M,tg128,d0,2,284.40,3.28,164.15,19.33,286.82,3.66,165.53,19.32,,,,,,
Ornith-1.0-35B-Q5_K_M,pp2048,d0,4,5561.07,48.42,2156.89,709.78,,,,,970.98,281.84,935.49,281.84,970.98,281.84
Ornith-1.0-35B-Q5_K_M,tg128,d0,4,314.17,7.97,105.23,21.09,538.33,12.36,134.83,12.92,,,,,,
Ornith-1.0-35B-Q5_K_M,pp2048,d8192,1,6292.75,299.22,6292.75,299.22,,,,,1525.25,69.09,1489.77,69.09,1525.25,69.09
Ornith-1.0-35B-Q5_K_M,tg128,d8192,1,241.69,6.75,241.69,6.75,243.49,6.78,243.49,6.78,,,,,,
Ornith-1.0-35B-Q5_K_M,pp2048,d8192,2,5458.45,72.75,3752.58,1009.81,,,,,2679.63,698.68,2644.15,698.68,2679.63,698.68
Ornith-1.0-35B-Q5_K_M,tg128,d8192,2,124.88,0.77,117.46,53.90,270.67,1.70,152.97,19.68,,,,,,
Ornith-1.0-35B-Q5_K_M,pp2048,d8192,4,5361.26,9.13,2356.97,1057.69,,,,,4688.41,1705.50,4652.92,1705.50,4688.41,1705.50
Ornith-1.0-35B-Q5_K_M,tg128,d8192,4,95.54,1.00,58.61,37.26,484.00,3.56,121.42,2.43,,,,,,
Ornith-1.0-35B-Q5_K_M,pp2048,d16384,1,5055.79,212.92,5055.79,212.92,,,,,3342.56,140.53,3307.07,140.53,3342.56,140.53
Ornith-1.0-35B-Q5_K_M,tg128,d16384,1,219.94,3.11,219.94,3.11,221.58,3.14,221.58,3.14,,,,,,
Ornith-1.0-35B-Q5_K_M,pp2048,d16384,2,4471.63,9.33,3088.74,849.07,,,,,5875.03,1588.87,5839.54,1588.87,5875.03,1588.87
Ornith-1.0-35B-Q5_K_M,tg128,d16384,2,68.53,0.49,98.99,64.59,270.00,2.45,147.37,17.46,,,,,,
Ornith-1.0-35B-Q5_K_M,pp2048,d16384,4,4487.96,11.26,2038.33,929.82,,,,,9899.40,3802.54,9863.91,3802.54,9899.40,3802.54
Ornith-1.0-35B-Q5_K_M,tg128,d16384,4,47.91,0.05,43.82,41.35,441.67,1.25,111.75,3.00,,,,,,
Qwen3.6-27B-int4-AutoRound,pp2048,d0,1,4778.08,6.69,4778.08,6.69,,,,,474.86,15.43,381.90,15.43,474.86,15.43
Qwen3.6-27B-int4-AutoRound,tg128,d0,1,39.17,0.20,39.17,0.20,40.67,0.47,40.67,0.47,,,,,,
Qwen3.6-27B-int4-AutoRound,pp2048,d0,2,881.87,3.25,2592.80,2139.20,,,,,2328.83,1848.89,2235.87,1848.89,2328.83,1848.89
Qwen3.6-27B-int4-AutoRound,tg128,d0,2,36.57,0.01,39.23,0.16,40.67,0.47,40.33,0.47,,,,,,
Qwen3.6-27B-int4-AutoRound,pp2048,d0,4,641.20,9.71,1389.56,1920.63,,,,,6030.25,4133.08,5937.30,4133.08,6030.25,4133.08
Qwen3.6-27B-int4-AutoRound,tg128,d0,4,35.42,0.14,39.28,0.30,41.00,0.00,40.42,0.49,,,,,,
Qwen3.6-27B-int4-AutoRound,pp2048,d8192,1,4070.15,26.53,4070.15,26.53,,,,,2345.31,46.13,2252.35,46.13,2345.31,46.13
Qwen3.6-27B-int4-AutoRound,tg128,d8192,1,38.68,0.26,38.68,0.26,40.00,0.00,40.00,0.00,,,,,,
Qwen3.6-27B-int4-AutoRound,pp2048,d8192,2,2325.19,11.93,2622.26,1436.88,,,,,5167.41,2808.11,5074.45,2808.11,5167.41,2808.11
Qwen3.6-27B-int4-AutoRound,tg128,d8192,2,28.70,0.02,39.28,0.16,40.67,0.47,40.67,0.47,,,,,,
Qwen3.6-27B-int4-AutoRound,pp2048,d8192,4,1926.44,5.31,1593.67,1436.49,,,,,10763.37,6241.03,10670.41,6241.03,10763.37,6241.03
Qwen3.6-27B-int4-AutoRound,tg128,d8192,4,25.40,0.09,39.13,0.20,40.67,0.47,40.17,0.37,,,,,,
Qwen3.6-27B-int4-AutoRound,pp2048,d16384,1,3851.46,6.87,3851.46,6.87,,,,,4463.91,39.01,4370.96,39.01,4463.91,39.01
Qwen3.6-27B-int4-AutoRound,tg128,d16384,1,39.04,0.35,39.04,0.35,40.33,0.47,40.33,0.47,,,,,,
Qwen3.6-27B-int4-AutoRound,pp2048,d16384,2,2756.49,4.32,2619.38,1220.71,,,,,8252.86,3847.45,8159.90,3847.45,8252.86,3847.45
Qwen3.6-27B-int4-AutoRound,tg128,d16384,2,23.16,0.05,38.91,0.35,40.00,0.00,40.00,0.00,,,,,,
Qwen3.6-27B-int4-AutoRound,pp2048,d16384,4,2435.02,4.21,1662.17,1263.05,,,,,15919.40,8546.52,15826.45,8546.52,15919.52,8546.47
Qwen3.6-27B-int4-AutoRound,tg128,d16384,4,19.38,0.01,39.15,0.32,40.67,0.47,40.17,0.55,,,,,,
Qwen3.6-35B-A3B-BF16-00001-of-00002.gguf,pp2048,d0,1,4505.36,683.94,4505.36,683.94,,,,,3833.58,73.89,388.57,73.89,3833.58,73.89
Qwen3.6-35B-A3B-BF16-00001-of-00002.gguf,tg128,d0,1,18.22,0.70,18.22,0.70,22.00,1.41,22.00,1.41,,,,,,
Qwen3.6-35B-A3B-BF16-00001-of-00002.gguf,pp2048,d0,2,384.88,14.00,318.29,17.02,,,,,8884.90,163.33,5439.89,163.33,8884.90,163.33
Qwen3.6-35B-A3B-BF16-00001-of-00002.gguf,tg128,d0,2,24.73,0.41,12.51,0.67,31.67,0.94,17.00,1.83,,,,,,
Qwen3.6-35B-A3B-BF16-00001-of-00002.gguf,pp2048,d0,4,389.64,16.63,130.00,16.23,,,,,17151.50,1110.49,13706.49,1110.49,17151.50,1110.49
Qwen3.6-35B-A3B-BF16-00001-of-00002.gguf,tg128,d0,4,21.03,0.86,5.65,0.36,46.00,2.45,12.00,1.08,,,,,,
Qwen3.6-35B-A3B-BF16-00001-of-00002.gguf,pp2048,d8192,1,605.53,6.34,605.53,6.34,,,,,17553.00,322.08,14107.99,322.08,17553.00,322.08
Qwen3.6-35B-A3B-BF16-00001-of-00002.gguf,tg128,d8192,1,17.64,0.06,17.64,0.06,20.00,0.00,20.00,0.00,,,,,,
Qwen3.6-35B-A3B-BF16-00001-of-00002.gguf,pp2048,d8192,2,462.36,3.09,288.18,31.94,,,,,33798.53,3566.76,30353.52,3566.76,33798.53,3566.76
Qwen3.6-35B-A3B-BF16-00001-of-00002.gguf,tg128,d8192,2,14.73,0.32,9.69,2.18,29.67,0.47,15.00,0.00,,,,,,
Qwen3.6-35B-A3B-BF16-00001-of-00002.gguf,pp2048,d8192,4,439.44,2.52,185.59,76.51,,,,,57283.14,18197.75,53838.13,18197.75,57283.14,18197.75
Qwen3.6-35B-A3B-BF16-00001-of-00002.gguf,tg128,d8192,4,7.59,0.25,3.49,1.37,34.33,4.11,10.42,2.10,,,,,,
Qwen3.6-35B-A3B-BF16-00001-of-00002.gguf,pp2048,d16384,1,546.33,4.36,546.33,4.36,,,,,32012.92,500.95,28567.91,500.95,32012.92,500.95
Qwen3.6-35B-A3B-BF16-00001-of-00002.gguf,tg128,d16384,1,17.23,0.07,17.23,0.07,20.33,0.47,20.33,0.47,,,,,,
Qwen3.6-35B-A3B-BF16-00001-of-00002.gguf,pp2048,d16384,2,465.85,2.41,318.07,71.37,,,,,55081.18,11815.47,51636.17,11815.47,55081.18,11815.47
Qwen3.6-35B-A3B-BF16-00001-of-00002.gguf,tg128,d16384,2,7.80,0.12,7.96,4.03,28.00,1.41,15.17,0.90,,,,,,
Qwen3.6-35B-A3B-BF16-00001-of-00002.gguf,pp2048,d16384,4,454.64,2.83,211.89,102.89,,,,,92507.77,34771.37,89062.76,34771.37,92507.77,34771.37
Qwen3.6-35B-A3B-BF16-00001-of-00002.gguf,tg128,d16384,4,4.66,0.03,2.70,1.52,29.67,0.47,10.75,2.65,,,,,,
Qwen3.6-35B-A3B-BF16-multigpu,pp2048,d0,1,479.80,6.56,479.80,6.56,,,,,4210.84,64.24,3860.55,64.24,4210.84,64.24
Qwen3.6-35B-A3B-BF16-multigpu,tg128,d0,1,17.87,0.34,17.87,0.34,21.33,1.25,21.33,1.25,,,,,,
Qwen3.6-35B-A3B-BF16-multigpu,pp2048,d0,2,381.18,1.67,199.97,3.13,,,,,9651.16,183.94,9300.87,183.94,9651.16,183.94
Qwen3.6-35B-A3B-BF16-multigpu,tg128,d0,2,23.41,0.39,11.85,0.32,30.00,0.00,15.17,0.37,,,,,,
Qwen3.6-35B-A3B-BF16-multigpu,pp2048,d0,4,332.71,9.57,93.81,10.59,,,,,20489.24,2314.42,20138.94,2314.42,20489.24,2314.42
Qwen3.6-35B-A3B-BF16-multigpu,tg128,d0,4,17.25,1.00,4.86,0.41,43.00,1.63,11.33,1.37,,,,,,
Qwen3.6-35B-A3B-BF16-multigpu,pp2048,d8192,1,462.21,7.30,462.21,7.30,,,,,20337.27,656.52,19986.98,656.52,20337.27,656.52
Qwen3.6-35B-A3B-BF16-multigpu,tg128,d8192,1,17.27,0.11,17.27,0.11,20.00,0.00,20.00,0.00,,,,,,
Qwen3.6-35B-A3B-BF16-multigpu,pp2048,d8192,2,431.36,3.84,252.33,34.57,,,,,38003.20,5221.95,37652.90,5221.95,38003.20,5221.95
Qwen3.6-35B-A3B-BF16-multigpu,tg128,d8192,2,12.65,0.10,9.18,2.69,30.67,2.05,15.83,0.90,,,,,,
Qwen3.6-35B-A3B-BF16-multigpu,pp2048,d8192,4,416.33,2.70,165.79,67.79,,,,,64449.79,21096.98,64099.50,21096.98,64449.79,21096.98
Qwen3.6-35B-A3B-BF16-multigpu,tg128,d8192,4,6.86,0.11,3.43,1.47,33.00,2.94,10.17,1.82,,,,,,
Qwen3.6-35B-A3B-BF16-multigpu,pp2048,d16384,1,455.41,3.84,455.41,3.84,,,,,37130.19,500.23,36779.90,500.23,37130.19,500.23
Qwen3.6-35B-A3B-BF16-multigpu,tg128,d16384,1,17.39,0.18,17.39,0.18,20.00,0.00,20.00,0.00,,,,,,
Qwen3.6-35B-A3B-BF16-multigpu,pp2048,d16384,2,438.63,5.20,276.74,55.66,,,,,63360.75,12894.37,63010.46,12894.37,63360.75,12894.37
Qwen3.6-35B-A3B-BF16-multigpu,tg128,d16384,2,7.35,0.08,7.71,3.95,27.33,0.47,15.17,0.90,,,,,,
Qwen3.6-35B-A3B-BF16-multigpu,pp2048,d16384,4,420.38,1.26,184.29,82.40,,,,,108227.24,40319.29,107876.94,40319.29,108227.24,40319.29
Qwen3.6-35B-A3B-BF16-multigpu,tg128,d16384,4,4.23,0.09,2.81,1.90,35.00,3.74,11.50,2.10,,,,,,
Qwen3.6-35B-GGUF.BF16.splitted.2-3,pp2048,d0,1,502.66,11.71,502.66,11.71,,,,,4232.07,80.02,3626.22,80.02,4232.07,80.02
Qwen3.6-35B-GGUF.BF16.splitted.2-3,tg128,d0,1,18.27,0.72,18.27,0.72,23.00,4.24,23.00,4.24,,,,,,
Qwen3.6-35B-GGUF.BF16.splitted.2-3,pp2048,d0,2,380.98,7.17,205.24,5.06,,,,,9805.92,114.75,9200.08,114.75,9805.92,114.75
Qwen3.6-35B-GGUF.BF16.splitted.2-3,tg128,d0,2,25.39,1.96,12.85,1.24,33.00,2.83,17.33,1.97,,,,,,
Qwen3.6-35B-GGUF.BF16.splitted.2-3,pp2048,d0,4,367.40,12.68,103.46,11.13,,,,,18551.89,1850.51,17946.04,1850.51,18551.89,1850.51
Qwen3.6-35B-GGUF.BF16.splitted.2-3,tg128,d0,4,18.73,1.60,5.19,0.71,45.33,5.73,12.25,1.36,,,,,,
Qwen3.6-35B-GGUF.BF16.splitted.2-3,pp2048,d8192,1,471.73,6.48,471.73,6.48,,,,,20378.23,109.32,19772.38,109.32,20378.23,109.32
Qwen3.6-35B-GGUF.BF16.splitted.2-3,tg128,d8192,1,17.78,0.14,17.78,0.14,20.67,0.47,20.67,0.47,,,,,,
Qwen3.6-35B-GGUF.BF16.splitted.2-3,pp2048,d8192,2,446.65,1.20,264.38,36.72,,,,,36631.34,5170.19,36025.49,5170.19,36631.34,5170.19
Qwen3.6-35B-GGUF.BF16.splitted.2-3,tg128,d8192,2,12.84,0.21,9.40,2.92,29.67,1.25,15.17,0.69,,,,,,
Qwen3.6-35B-GGUF.BF16.splitted.2-3,pp2048,d8192,4,423.62,1.21,169.91,70.81,,,,,63397.40,20765.31,62791.55,20765.31,63397.40,20765.31
Qwen3.6-35B-GGUF.BF16.splitted.2-3,tg128,d8192,4,6.87,0.12,3.36,1.39,33.67,3.86,9.92,1.80,,,,,,
Qwen3.6-35B-GGUF.BF16.splitted.2-3,pp2048,d16384,1,469.40,3.28,469.40,3.28,,,,,36032.53,261.26,35426.68,261.26,36032.53,261.26
Qwen3.6-35B-GGUF.BF16.splitted.2-3,tg128,d16384,1,17.34,0.21,17.34,0.21,20.00,0.00,20.00,0.00,,,,,,
Qwen3.6-35B-GGUF.BF16.splitted.2-3,pp2048,d16384,2,449.40,2.24,283.63,55.61,,,,,61855.78,12399.05,61249.93,12399.05,61855.78,12399.05
Qwen3.6-35B-GGUF.BF16.splitted.2-3,tg128,d16384,2,7.58,0.05,7.90,4.10,28.00,1.41,14.67,0.75,,,,,,
Qwen3.6-35B-GGUF.BF16.splitted.2-3,pp2048,d16384,4,431.74,3.93,189.98,85.27,,,,,104986.69,39187.18,104380.84,39187.18,104986.69,39187.18
Qwen3.6-35B-GGUF.BF16.splitted.2-3,tg128,d16384,4,4.29,0.03,2.68,1.69,31.67,1.70,10.92,2.69,,,,,,
deepseek-v4-flash,pp2048,d0,1,120.12,0.18,120.12,0.18,,,,,16620.82,99.54,16274.98,99.54,16776.45,127.75
deepseek-v4-flash,tg128,d0,1,31.93,0.31,31.93,0.31,38.33,1.70,38.33,1.70,,,,,,
deepseek-v4-flash,pp2048,d0,2,93.53,0.03,83.97,36.45,,,,,29100.78,12552.18,28754.94,12552.18,29289.38,12563.39
deepseek-v4-flash,tg128,d0,2,15.17,0.46,30.67,1.60,38.33,1.25,37.33,1.49,,,,,,
deepseek-v4-flash,pp2048,d0,4,85.18,0.01,54.66,39.10,,,,,54220.96,27995.62,53875.12,27995.62,54404.50,28003.26
deepseek-v4-flash,tg128,d0,4,12.23,0.15,30.89,1.37,38.33,0.47,36.58,1.38,,,,,,
deepseek-v4-flash,pp2048,d8192,1,119.92,0.24,119.92,0.24,,,,,81586.13,264.91,81240.29,264.91,81776.43,279.32
deepseek-v4-flash,tg128,d8192,1,28.60,1.30,28.60,1.30,35.67,0.94,35.67,0.94,,,,,,
deepseek-v4-flash,pp2048,d8192,2,112.75,0.06,88.18,31.43,,,,,127351.56,45635.01,127005.72,45635.01,127566.72,45657.23
deepseek-v4-flash,tg128,d8192,2,4.93,0.18,27.97,1.93,35.00,1.63,33.67,1.97,,,,,,
deepseek-v4-flash,pp2048,d8192,4,110.91,1.44,55.19,32.36,,,,,216244.45,100659.17,228025.03,96378.34,228566.30,96389.24
deepseek-v4-flash,tg128,d8192,4,3.72,0.13,28.60,0.52,35.33,0.47,34.36,0.98,,,,,,
deepseek-v4-flash,pp2048,d16384,1,118.32,0.07,118.32,0.07,,,,,148250.14,522.15,147904.30,522.15,148445.41,541.54
deepseek-v4-flash,tg128,d16384,1,28.16,0.21,28.16,0.21,33.33,0.47,33.33,0.47,,,,,,
deepseek-v4-flash,pp2048,d16384,2,114.34,0.08,87.77,30.44,,,,,227337.29,78966.34,226991.44,78966.34,227484.01,78966.32
deepseek-v4-flash,tg128,d16384,2,2.97,0.09,27.34,1.37,34.33,1.25,33.00,1.83,,,,,,
deepseek-v4-flash,pp2048,d16384,4,112.70,0.05,60.39,35.04,,,,,385618.28,176532.62,385272.44,176532.62,385837.67,176538.14
deepseek-v4-flash,tg128,d16384,4,2.09,0.03,28.00,1.00,36.00,0.82,33.58,1.80,,,,,,
gemma-4-26B-A4B-it-UD-Q6_K_XL,pp2048,d0,1,800.61,17.21,800.61,17.21,,,,,2397.09,62.58,2296.51,62.58,2473.63,60.85
gemma-4-26B-A4B-it-UD-Q6_K_XL,tg128,d0,1,49.54,0.34,49.54,0.34,56.00,0.82,56.00,0.82,,,,,,
gemma-4-26B-A4B-it-UD-Q6_K_XL,pp2048,d0,2,689.41,5.64,361.86,8.67,,,,,5239.40,97.13,5138.81,97.13,5379.38,81.35
gemma-4-26B-A4B-it-UD-Q6_K_XL,tg128,d0,2,69.20,2.63,34.85,1.39,78.00,4.97,41.33,3.64,,,,,,
gemma-4-26B-A4B-it-UD-Q6_K_XL,pp2048,d0,4,705.08,1.98,199.54,18.96,,,,,9372.20,994.31,9271.61,994.31,10320.42,67.54
gemma-4-26B-A4B-it-UD-Q6_K_XL,tg128,d0,4,90.55,2.54,23.09,1.15,101.67,2.87,27.92,2.84,,,,,,
gemma-4-26B-A4B-it-UD-Q6_K_XL,pp2048,d8192,1,803.38,2.60,803.38,2.60,,,,,11675.86,54.10,11575.28,54.10,11758.89,54.39
gemma-4-26B-A4B-it-UD-Q6_K_XL,tg128,d8192,1,43.73,2.85,43.73,2.85,48.67,5.56,48.67,5.56,,,,,,
gemma-4-26B-A4B-it-UD-Q6_K_XL,pp2048,d8192,2,777.53,2.43,457.14,67.94,,,,,20856.38,2929.84,20755.79,2929.84,23388.99,506.54
gemma-4-26B-A4B-it-UD-Q6_K_XL,tg128,d8192,2,54.52,1.79,30.69,3.06,79.67,6.13,41.50,7.59,,,,,,
gemma-4-26B-A4B-it-UD-Q6_K_XL,pp2048,d8192,4,765.56,0.57,300.14,116.87,,,,,35202.00,11155.41,35101.41,11155.41,40408.43,8764.97
gemma-4-26B-A4B-it-UD-Q6_K_XL,tg128,d8192,4,19.58,0.34,13.25,6.49,92.33,4.11,26.00,3.98,,,,,,
gemma-4-26B-A4B-it-UD-Q6_K_XL,pp2048,d16384,1,763.33,0.25,763.33,0.25,,,,,22017.30,77.68,21916.71,77.68,22103.53,76.16
gemma-4-26B-A4B-it-UD-Q6_K_XL,tg128,d16384,1,40.52,0.74,40.52,0.74,45.33,2.62,45.33,2.62,,,,,,
gemma-4-26B-A4B-it-UD-Q6_K_XL,pp2048,d16384,2,744.00,0.15,471.28,98.40,,,,,36954.11,7607.59,36853.53,7607.59,41068.82,3609.47
gemma-4-26B-A4B-it-UD-Q6_K_XL,tg128,d16384,2,23.75,1.31,21.32,9.38,70.00,7.07,36.83,4.74,,,,,,
gemma-4-26B-A4B-it-UD-Q6_K_XL,pp2048,d16384,4,731.61,1.36,319.56,142.22,,,,,61785.78,22782.74,61685.19,22782.74,68010.92,20425.69
gemma-4-26B-A4B-it-UD-Q6_K_XL,tg128,d16384,4,9.95,0.25,8.79,6.34,93.67,4.03,28.00,4.12,,,,,,
gemma-4-26B-A4B-it-UD-Q8_K_XL,pp2048,d0,1,784.52,13.57,784.52,13.57,,,,,2529.50,13.23,2404.49,13.23,2613.07,13.77
gemma-4-26B-A4B-it-UD-Q8_K_XL,tg128,d0,1,42.11,3.21,42.11,3.21,45.67,4.71,45.67,4.71,,,,,,
gemma-4-26B-A4B-it-UD-Q8_K_XL,pp2048,d0,2,655.47,7.87,346.34,5.26,,,,,5436.37,96.80,5311.36,96.80,5593.83,80.93
gemma-4-26B-A4B-it-UD-Q8_K_XL,tg128,d0,2,56.46,0.65,28.43,1.67,63.33,0.94,32.50,3.20,,,,,,
gemma-4-26B-A4B-it-UD-Q8_K_XL,pp2048,d0,4,667.22,3.94,189.54,20.49,,,,,10034.64,1066.40,9909.63,1066.40,11047.62,84.22
gemma-4-26B-A4B-it-UD-Q8_K_XL,tg128,d0,4,74.66,0.22,19.04,1.09,87.00,1.63,24.25,2.95,,,,,,
gemma-4-26B-A4B-it-UD-Q8_K_XL,pp2048,d8192,1,770.33,3.49,770.33,3.49,,,,,12226.17,101.00,12101.16,101.00,12316.43,99.99
gemma-4-26B-A4B-it-UD-Q8_K_XL,tg128,d8192,1,41.23,0.22,41.23,0.22,48.67,2.05,48.67,2.05,,,,,,
gemma-4-26B-A4B-it-UD-Q8_K_XL,pp2048,d8192,2,738.83,2.09,433.15,62.74,,,,,21814.40,2986.11,21689.39,2986.11,24398.14,539.46
gemma-4-26B-A4B-it-UD-Q8_K_XL,tg128,d8192,2,48.56,2.23,27.11,2.41,70.00,5.10,35.67,2.81,,,,,,
gemma-4-26B-A4B-it-UD-Q8_K_XL,pp2048,d8192,4,730.36,0.81,286.71,109.27,,,,,36919.20,11731.77,36794.19,11731.77,42420.53,9259.28
gemma-4-26B-A4B-it-UD-Q8_K_XL,tg128,d8192,4,18.34,0.47,11.75,5.80,86.67,3.68,23.67,3.86,,,,,,
gemma-4-26B-A4B-it-UD-Q8_K_XL,pp2048,d16384,1,737.45,1.57,737.45,1.57,,,,,22715.47,259.16,22590.46,259.16,22809.44,258.27
gemma-4-26B-A4B-it-UD-Q8_K_XL,tg128,d16384,1,39.91,1.37,39.91,1.37,47.67,3.86,47.67,3.86,,,,,,
gemma-4-26B-A4B-it-UD-Q8_K_XL,pp2048,d16384,2,712.32,1.11,452.87,93.77,,,,,38777.17,8104.11,38652.16,8104.11,43082.97,3934.83
gemma-4-26B-A4B-it-UD-Q8_K_XL,tg128,d16384,2,21.16,0.16,18.35,7.51,59.00,0.82,31.83,1.86,,,,,,
gemma-4-26B-A4B-it-UD-Q8_K_XL,pp2048,d16384,4,699.36,1.73,306.16,136.10,,,,,64549.47,23869.88,64424.46,23869.88,71074.54,21420.27
gemma-4-26B-A4B-it-UD-Q8_K_XL,tg128,d16384,4,8.66,0.10,7.49,5.45,71.00,0.00,22.17,4.51,,,,,,
gemma-4-31B-it-UD-Q4_K_XL,pp2048,d0,1,203.88,0.88,203.88,0.88,,,,,9575.97,274.43,9237.12,274.43,9873.92,274.75
gemma-4-31B-it-UD-Q4_K_XL,tg128,d0,1,11.32,0.61,11.32,0.61,16.67,2.87,16.67,2.87,,,,,,
gemma-4-31B-it-UD-Q4_K_XL,pp2048,d0,2,180.23,1.46,93.96,2.79,,,,,19955.77,175.33,19616.92,175.33,20404.20,64.62
gemma-4-31B-it-UD-Q4_K_XL,tg128,d0,2,23.53,2.27,11.86,1.57,35.67,2.87,18.50,3.91,,,,,,
gemma-4-31B-it-UD-Q4_K_XL,pp2048,d0,4,182.60,0.80,51.39,6.09,,,,,36784.68,3936.78,36445.83,3936.78,40318.56,457.54
gemma-4-31B-it-UD-Q4_K_XL,tg128,d0,4,36.74,1.45,9.39,1.04,54.00,5.10,16.92,2.63,,,,,,
gemma-4-31B-it-UD-Q4_K_XL,pp2048,d8192,1,199.35,0.40,199.35,0.40,,,,,47124.68,238.81,46785.83,238.81,47441.42,239.86
gemma-4-31B-it-UD-Q4_K_XL,tg128,d8192,1,10.42,0.41,10.42,0.41,15.67,0.47,15.67,0.47,,,,,,
gemma-4-31B-it-UD-Q4_K_XL,pp2048,d8192,2,191.36,0.38,112.59,15.91,,,,,84529.82,12165.22,84190.97,12165.22,94952.37,2188.12
gemma-4-31B-it-UD-Q4_K_XL,tg128,d8192,2,14.33,0.47,8.24,0.64,25.67,2.36,14.00,1.83,,,,,,
gemma-4-31B-it-UD-Q4_K_XL,pp2048,d8192,4,187.69,0.17,74.36,29.78,,,,,142656.96,46199.52,142318.11,46199.52,164181.24,36122.10
gemma-4-31B-it-UD-Q4_K_XL,tg128,d8192,4,5.18,0.21,4.24,2.41,44.67,3.30,13.75,2.65,,,,,,
gemma-4-31B-it-UD-Q4_K_XL,pp2048,d16384,1,186.79,0.18,186.79,0.18,,,,,89223.10,907.06,88884.25,907.06,89554.56,910.11
gemma-4-31B-it-UD-Q4_K_XL,tg128,d16384,1,10.53,0.40,10.53,0.40,16.33,0.47,16.33,0.47,,,,,,
gemma-4-31B-it-UD-Q4_K_XL,pp2048,d16384,2,175.66,0.04,113.29,24.44,,,,,153794.03,34236.43,153455.18,34236.43,171332.84,17094.69
gemma-4-31B-it-UD-Q4_K_XL,tg128,d16384,2,5.65,0.27,5.99,3.30,24.67,2.87,13.00,3.00,,,,,,
gemma-4-31B-it-UD-Q4_K_XL,pp2048,d16384,4,169.18,0.08,76.62,36.21,,,,,263623.83,101950.42,263284.98,101950.42,289861.92,91775.56
gemma-4-31B-it-UD-Q4_K_XL,tg128,d16384,4,2.12,0.09,2.43,2.23,33.00,2.16,10.75,1.36,,,,,,
gemma-4-31B-it-UD-Q5_K_XL,pp2048,d0,1,179.77,0.51,179.77,0.51,,,,,10875.36,299.34,10539.00,299.34,11217.04,300.29
gemma-4-31B-it-UD-Q5_K_XL,tg128,d0,1,9.63,0.12,9.63,0.12,13.33,1.70,13.33,1.70,,,,,,
gemma-4-31B-it-UD-Q5_K_XL,pp2048,d0,2,161.32,0.40,83.91,1.62,,,,,22399.97,200.00,22063.60,200.00,22889.84,109.14
gemma-4-31B-it-UD-Q5_K_XL,tg128,d0,2,17.62,0.23,8.88,0.22,26.67,1.89,14.83,1.57,,,,,,
gemma-4-31B-it-UD-Q5_K_XL,pp2048,d0,4,163.24,0.56,45.88,4.68,,,,,41165.23,4557.18,40828.87,4557.18,45174.07,638.80
gemma-4-31B-it-UD-Q5_K_XL,tg128,d0,4,29.51,0.63,7.54,0.69,38.67,1.70,12.50,2.75,,,,,,
gemma-4-31B-it-UD-Q5_K_XL,pp2048,d8192,1,177.73,0.30,177.73,0.30,,,,,52436.80,608.13,52100.43,608.13,52796.80,609.66
gemma-4-31B-it-UD-Q5_K_XL,tg128,d8192,1,9.31,0.30,9.31,0.30,14.67,0.47,14.67,0.47,,,,,,
gemma-4-31B-it-UD-Q5_K_XL,pp2048,d8192,2,170.95,0.16,100.51,14.28,,,,,94585.30,13572.98,94248.93,13572.98,106256.79,2396.26
gemma-4-31B-it-UD-Q5_K_XL,tg128,d8192,2,13.82,0.50,7.97,1.04,26.33,3.68,14.17,1.77,,,,,,
gemma-4-31B-it-UD-Q5_K_XL,pp2048,d8192,4,168.29,0.24,66.22,26.74,,,,,158998.17,51023.41,158661.80,51023.41,183229.41,40056.33
gemma-4-31B-it-UD-Q5_K_XL,tg128,d8192,4,4.64,0.14,4.02,2.33,34.67,2.87,10.92,1.71,,,,,,
gemma-4-31B-it-UD-Q5_K_XL,pp2048,d16384,1,168.31,0.15,168.31,0.15,,,,,99586.89,600.02,99250.53,600.02,99964.11,601.36
gemma-4-31B-it-UD-Q5_K_XL,tg128,d16384,1,8.77,0.70,8.77,0.70,13.33,4.03,13.33,4.03,,,,,,
gemma-4-31B-it-UD-Q5_K_XL,pp2048,d16384,2,159.14,0.20,102.30,22.06,,,,,170716.03,37514.42,170379.67,37514.42,190106.97,18567.66
gemma-4-31B-it-UD-Q5_K_XL,tg128,d16384,2,4.91,0.12,4.94,2.35,20.33,0.47,11.50,1.80,,,,,,
gemma-4-31B-it-UD-Q5_K_XL,pp2048,d16384,4,153.87,0.05,69.23,32.47,,,,,290582.32,111510.19,290245.95,111510.19,319610.38,100298.69
gemma-4-31B-it-UD-Q5_K_XL,tg128,d16384,4,2.04,0.01,2.31,2.11,35.00,0.82,11.67,2.32,,,,,,
gemma-4-31B-it-qat-q4_0,pp2048,d0,1,220.46,2.92,220.46,2.92,,,,,8509.90,259.98,8222.43,259.98,8790.51,260.96
gemma-4-31B-it-qat-q4_0,tg128,d0,1,12.90,1.60,12.90,1.60,17.00,3.27,17.00,3.27,,,,,,
gemma-4-31B-it-qat-q4_0,pp2048,d0,2,194.18,1.53,101.13,1.36,,,,,18649.35,411.96,18361.89,411.96,19071.33,386.73
gemma-4-31B-it-qat-q4_0,tg128,d0,2,20.99,1.15,10.57,0.91,29.67,6.65,15.83,5.46,,,,,,
gemma-4-31B-it-qat-q4_0,pp2048,d0,4,196.64,1.13,55.28,6.23,,,,,34272.26,3658.53,33984.80,3658.53,37577.07,351.30
gemma-4-31B-it-qat-q4_0,tg128,d0,4,35.89,0.56,9.17,0.99,47.67,0.47,13.75,3.22,,,,,,
gemma-4-31B-it-qat-q4_0,pp2048,d8192,1,499.91,284.77,499.91,284.77,,,,,26102.88,13586.97,25815.41,13586.97,26202.87,13716.83
gemma-4-31B-it-qat-q4_0,tg128,d8192,1,5.32,3.54,5.32,3.54,25.33,9.43,25.33,9.43,,,,,,
gemma-4-31B-it-qat-q4_0,pp2048,d8192,2,206.10,2.63,121.15,16.97,,,,,77955.80,11219.50,77668.34,11219.50,87481.80,2273.48
gemma-4-31B-it-qat-q4_0,tg128,d8192,2,15.12,0.77,8.74,1.33,25.33,0.94,14.50,1.12,,,,,,
gemma-4-31B-it-qat-q4_0,pp2048,d8192,4,187.15,8.56,179.82,260.35,,,,,134470.47,65979.24,134183.01,65979.24,149104.03,67507.39
gemma-4-31B-it-qat-q4_0,tg128,d8192,4,3.85,1.18,5.47,3.03,40.67,5.44,17.92,6.70,,,,,,
gemma-4-31B-it-qat-q4_0,pp2048,d16384,1,199.20,0.56,199.20,0.56,,,,,83687.25,616.11,83399.79,616.11,84001.34,619.91
gemma-4-31B-it-qat-q4_0,tg128,d16384,1,10.83,0.23,10.83,0.23,15.00,0.00,15.00,0.00,,,,,,
gemma-4-31B-it-qat-q4_0,pp2048,d16384,2,176.86,8.84,587.45,683.37,,,,,116794.92,80250.73,116507.46,80250.73,122336.46,80793.40
gemma-4-31B-it-qat-q4_0,tg128,d16384,2,3.02,1.95,6.54,4.45,30.33,2.36,21.67,7.36,,,,,,
gemma-4-31B-it-qat-q4_0,pp2048,d16384,4,174.58,0.40,379.84,561.91,,,,,231650.69,138358.71,231363.23,138358.71,248003.32,143475.24
gemma-4-31B-it-qat-q4_0,tg128,d16384,4,1.58,0.04,3.45,2.89,33.00,0.00,17.50,8.58,,,,,,
gfx1151-Hy3-Q2_K_L,pp2048,d0,1,112.76,0.77,112.76,0.77,,,,,16253.10,144.05,15991.31,144.05,16253.10,144.05
gfx1151-Hy3-Q2_K_L,tg128,d0,1,38.53,12.95,38.53,12.95,54.33,20.95,54.33,20.95,,,,,,
gfx1151-Hy3-Q2_K_L,pp2048,d0,2,113.36,1.31,78.41,20.81,,,,,24771.66,6712.24,24509.86,6712.24,24771.66,6712.24
gfx1151-Hy3-Q2_K_L,tg128,d0,2,11.52,0.30,9.67,3.89,32.00,0.82,16.17,0.90,,,,,,
gfx1151-Hy3-Q2_K_L,pp2048,d0,4,114.04,0.81,51.40,25.21,,,,,42845.07,16730.16,42583.27,16730.16,42845.07,16730.16
gfx1151-Hy3-Q2_K_L,tg128,d0,4,11.30,1.45,6.22,4.59,54.00,8.52,14.92,8.38,,,,,,
gfx1151-Hy3-Q2_K_L,pp2048,d8192,1,101.24,0.07,101.24,0.07,,,,,88783.65,229.40,88521.86,229.40,88783.65,229.40
gfx1151-Hy3-Q2_K_L,tg128,d8192,1,16.56,0.27,16.56,0.27,19.00,0.82,19.00,0.82,,,,,,
gfx1151-Hy3-Q2_K_L,pp2048,d8192,2,100.89,0.23,70.47,20.05,,,,,138887.58,39211.54,138625.78,39211.54,138887.58,39211.54
gfx1151-Hy3-Q2_K_L,tg128,d8192,2,2.50,0.63,6.05,4.59,23.33,3.09,14.25,2.61,,,,,,
gfx1151-Hy3-Q2_K_L,pp2048,d8192,4,100.33,0.06,49.01,24.57,,,,,228852.15,96842.09,228590.35,96842.09,228852.15,96842.09
gfx1151-Hy3-Q2_K_L,tg128,d8192,4,1.94,0.04,2.10,2.21,30.67,0.47,9.67,1.25,,,,,,
gfx1151-Hy3-Q2_K_L,pp2048,d16384,1,89.38,0.07,89.38,0.07,,,,,178495.12,168.64,178233.32,168.64,178495.12,168.64
gfx1151-Hy3-Q2_K_L,tg128,d16384,1,16.13,0.22,16.13,0.22,20.33,0.47,20.33,0.47,,,,,,
gfx1151-Hy3-Q2_K_L,pp2048,d16384,2,88.52,0.21,66.14,22.07,,,,,273588.20,90001.21,273326.40,90001.21,273588.20,90001.21
gfx1151-Hy3-Q2_K_L,tg128,d16384,2,1.37,0.02,4.69,4.00,21.33,1.89,11.67,0.75,,,,,,
gfx1151-Hy3-Q2_K_L,pp2048,d16384,4,87.70,0.08,45.48,25.21,,,,,460301.27,205366.14,460039.48,205366.14,460301.27,205366.14
gfx1151-Hy3-Q2_K_L,tg128,d16384,4,0.96,0.02,1.51,1.90,25.33,0.47,8.67,1.37,,,,,,
gfx1151-Hy3-Q2_K_L-split.1-4,pp2048,d0,1,113.65,1.26,113.65,1.26,,,,,16695.22,129.76,16532.27,129.76,16695.22,129.76
gfx1151-Hy3-Q2_K_L-split.1-4,tg128,d0,1,19.48,0.71,19.48,0.71,21.67,1.25,21.67,1.25,,,,,,
gfx1151-Hy3-Q2_K_L-split.1-4,pp2048,d0,2,110.93,0.27,78.92,21.31,,,,,25771.06,7712.24,25608.11,7712.24,25771.06,7712.24
gfx1151-Hy3-Q2_K_L-split.1-4,tg128,d0,2,13.33,3.15,12.58,8.79,43.33,14.61,22.50,11.44,,,,,,
gfx1151-Hy3-Q2_K_L-split.1-4,pp2048,d0,4,113.00,0.23,52.26,25.25,,,,,43368.15,17482.61,43205.20,17482.61,43368.15,17482.61
gfx1151-Hy3-Q2_K_L-split.1-4,tg128,d0,4,9.96,1.80,5.35,3.34,46.67,11.56,12.83,6.43,,,,,,
gfx1151-Hy3-Q2_K_L-split.1-4,pp2048,d8192,1,100.13,0.62,100.13,0.62,,,,,92163.60,1276.17,92000.65,1276.17,92163.60,1276.17
gfx1151-Hy3-Q2_K_L-split.1-4,tg128,d8192,1,16.84,0.48,16.84,0.48,21.00,2.45,21.00,2.45,,,,,,
gfx1151-Hy3-Q2_K_L-split.1-4,pp2048,d8192,2,99.11,0.21,70.18,20.46,,,,,142759.77,41929.48,142596.82,41929.48,142759.77,41929.48
gfx1151-Hy3-Q2_K_L-split.1-4,tg128,d8192,2,2.74,0.03,5.69,4.32,24.33,1.70,12.50,1.12,,,,,,
gfx1151-Hy3-Q2_K_L-split.1-4,pp2048,d8192,4,98.72,0.19,48.71,25.70,,,,,240592.66,101784.45,240429.71,101784.45,240592.66,101784.45
gfx1151-Hy3-Q2_K_L-split.1-4,tg128,d8192,4,1.84,0.06,2.08,2.25,29.67,1.25,9.50,2.14,,,,,,
gfx1151-Hy3-Q2_K_L-split.1-4,pp2048,d16384,1,87.48,0.25,87.48,0.25,,,,,189072.54,3136.62,188909.59,3136.62,189072.54,3136.62
gfx1151-Hy3-Q2_K_L-split.1-4,tg128,d16384,1,15.22,0.32,15.22,0.32,19.00,1.41,19.00,1.41,,,,,,
gfx1151-Hy3-Q2_K_L-split.1-4,pp2048,d16384,2,86.41,0.14,62.04,18.86,,,,,296387.13,89809.85,296224.18,89809.85,296387.13,89809.85
gfx1151-Hy3-Q2_K_L-split.1-4,tg128,d16384,2,1.38,0.03,4.44,3.74,20.67,1.25,11.33,1.11,,,,,,
gfx1151-Hy3-Q2_K_L-split.1-4,pp2048,d16384,4,85.43,0.07,42.89,22.87,,,,,493986.72,212942.50,493823.76,212942.50,493986.72,212942.50
gfx1151-Hy3-Q2_K_L-split.1-4,tg128,d16384,4,0.90,0.01,1.40,1.76,21.67,0.47,7.33,1.55,,,,,,
gfx1151-InternScience-Agents-A1-Q4_K_M,pp2048,d0,1,976.24,6.93,976.24,6.93,,,,,2064.35,14.34,1954.34,14.34,2064.35,14.34
gfx1151-InternScience-Agents-A1-Q4_K_M,tg128,d0,1,72.85,1.33,72.85,1.33,77.00,0.82,77.00,0.82,,,,,,
gfx1151-InternScience-Agents-A1-Q4_K_M,pp2048,d0,2,843.59,3.94,436.35,6.56,,,,,4407.85,80.03,4297.84,80.03,4407.85,80.03
gfx1151-InternScience-Agents-A1-Q4_K_M,tg128,d0,2,95.89,0.45,48.73,1.30,107.67,2.05,54.00,1.91,,,,,,
gfx1151-InternScience-Agents-A1-Q4_K_M,pp2048,d0,4,785.38,12.23,216.01,20.63,,,,,8845.32,772.19,8735.31,772.19,8845.32,772.19
gfx1151-InternScience-Agents-A1-Q4_K_M,tg128,d0,4,87.98,1.40,28.14,3.79,143.00,2.16,36.00,2.08,,,,,,
gfx1151-InternScience-Agents-A1-Q4_K_M,pp2048,d8192,1,904.81,2.94,904.81,2.94,,,,,10220.14,105.13,10110.13,105.13,10220.14,105.13
gfx1151-InternScience-Agents-A1-Q4_K_M,tg128,d8192,1,67.69,2.58,67.69,2.58,71.00,3.74,71.00,3.74,,,,,,
gfx1151-InternScience-Agents-A1-Q4_K_M,pp2048,d8192,2,870.77,1.41,509.98,74.56,,,,,18807.29,2643.41,18697.28,2643.41,18807.29,2643.41
gfx1151-InternScience-Agents-A1-Q4_K_M,tg128,d8192,2,32.75,1.16,31.04,14.63,95.00,4.24,48.33,1.97,,,,,,
gfx1151-InternScience-Agents-A1-Q4_K_M,pp2048,d8192,4,848.79,2.42,337.57,138.76,,,,,31662.34,10339.53,31552.33,10339.53,31662.34,10339.53
gfx1151-InternScience-Agents-A1-Q4_K_M,tg128,d8192,4,17.48,0.35,13.40,9.30,121.33,3.30,31.83,1.95,,,,,,
gfx1151-InternScience-Agents-A1-Q4_K_M,pp2048,d16384,1,866.20,3.65,866.20,3.65,,,,,19395.31,311.34,19285.30,311.34,19395.31,311.34
gfx1151-InternScience-Agents-A1-Q4_K_M,tg128,d16384,1,67.72,5.32,67.72,5.32,71.00,5.66,71.00,5.66,,,,,,
gfx1151-InternScience-Agents-A1-Q4_K_M,pp2048,d16384,2,832.13,3.76,528.86,115.78,,,,,33304.43,6961.14,33194.43,6961.14,33304.43,6961.14
gfx1151-InternScience-Agents-A1-Q4_K_M,tg128,d16384,2,16.22,0.34,25.09,16.78,90.33,2.87,45.83,3.24,,,,,,
gfx1151-InternScience-Agents-A1-Q4_K_M,pp2048,d16384,4,812.96,2.47,357.98,160.60,,,,,55600.95,20902.34,55490.95,20902.34,55600.95,20902.34
gfx1151-InternScience-Agents-A1-Q4_K_M,tg128,d16384,4,9.24,0.03,9.90,9.94,105.33,0.94,30.17,3.44,,,,,,
gfx1151-InternScience-Agents-A1-Q8_0,pp2048,d0,1,889.84,7.91,889.84,7.91,,,,,2223.86,38.75,2072.11,38.75,2223.86,38.75
gfx1151-InternScience-Agents-A1-Q8_0,tg128,d0,1,54.53,2.47,54.53,2.47,57.33,2.62,57.33,2.62,,,,,,
gfx1151-InternScience-Agents-A1-Q8_0,pp2048,d0,2,796.89,5.05,414.49,9.99,,,,,4639.07,72.07,4487.31,72.07,4639.07,72.07
gfx1151-InternScience-Agents-A1-Q8_0,tg128,d0,2,79.82,1.49,40.37,1.21,91.00,1.63,45.83,1.07,,,,,,
gfx1151-InternScience-Agents-A1-Q8_0,pp2048,d0,4,731.83,2.99,202.11,21.55,,,,,9512.93,842.53,9361.17,842.53,9512.93,842.53
gfx1151-InternScience-Agents-A1-Q8_0,tg128,d0,4,76.48,1.10,24.03,2.97,125.67,0.94,31.50,0.87,,,,,,
gfx1151-InternScience-Agents-A1-Q8_0,pp2048,d8192,1,840.49,3.51,840.49,3.51,,,,,11077.51,199.93,10925.75,199.93,11077.51,199.93
gfx1151-InternScience-Agents-A1-Q8_0,tg128,d8192,1,53.77,1.29,53.77,1.29,58.33,1.70,58.33,1.70,,,,,,
gfx1151-InternScience-Agents-A1-Q8_0,pp2048,d8192,2,803.00,3.55,470.41,64.95,,,,,20349.43,2856.14,20197.68,2856.14,20349.43,2856.14
gfx1151-InternScience-Agents-A1-Q8_0,tg128,d8192,2,29.87,0.26,26.64,11.52,82.33,1.89,42.50,1.26,,,,,,
gfx1151-InternScience-Agents-A1-Q8_0,pp2048,d8192,4,785.89,1.80,310.24,127.99,,,,,34279.06,11066.76,34127.31,11066.76,34279.06,11066.76
gfx1151-InternScience-Agents-A1-Q8_0,tg128,d8192,4,16.02,0.20,11.78,7.74,105.00,1.41,27.33,1.70,,,,,,
gfx1151-InternScience-Agents-A1-Q8_0,pp2048,d16384,1,795.16,6.24,795.16,6.24,,,,,21317.17,278.18,21165.42,278.18,21317.17,278.18
gfx1151-InternScience-Agents-A1-Q8_0,tg128,d16384,1,52.97,2.21,52.97,2.21,57.67,3.30,57.67,3.30,,,,,,
gfx1151-InternScience-Agents-A1-Q8_0,pp2048,d16384,2,774.93,2.77,488.31,95.20,,,,,35734.32,7313.86,35582.57,7313.86,35734.32,7313.86
gfx1151-InternScience-Agents-A1-Q8_0,tg128,d16384,2,15.18,0.34,21.75,14.02,77.67,0.47,40.00,1.15,,,,,,
gfx1151-InternScience-Agents-A1-Q8_0,pp2048,d16384,4,756.71,1.46,335.24,153.66,,,,,60063.40,22586.32,59911.65,22586.32,60063.40,22586.32
gfx1151-InternScience-Agents-A1-Q8_0,tg128,d16384,4,8.43,0.21,8.39,8.07,90.00,3.74,26.33,3.40,,,,,,
gfx1151-MiniMax-M2.7-UD-IQ4_NL,pp2048,d0,1,180.97,3.58,180.97,3.58,,,,,9923.65,467.09,9808.12,467.09,9923.65,467.09
gfx1151-MiniMax-M2.7-UD-IQ4_NL,tg128,d0,1,26.48,0.29,26.48,0.29,29.67,0.94,29.67,0.94,,,,,,
gfx1151-MiniMax-M2.7-UD-IQ4_NL,pp2048,d0,2,174.45,3.09,120.75,33.01,,,,,16001.68,4375.84,15886.14,4375.84,16001.68,4375.84
gfx1151-MiniMax-M2.7-UD-IQ4_NL,tg128,d0,2,17.00,0.76,14.02,5.68,53.33,17.46,27.00,8.52,,,,,,
gfx1151-MiniMax-M2.7-UD-IQ4_NL,pp2048,d0,4,179.06,1.60,78.51,37.24,,,,,27771.52,10411.36,27655.98,10411.36,27771.52,10411.36
gfx1151-MiniMax-M2.7-UD-IQ4_NL,tg128,d0,4,13.39,0.23,6.55,2.92,51.00,1.41,13.25,0.60,,,,,,
gfx1151-MiniMax-M2.7-UD-IQ4_NL,pp2048,d8192,1,164.23,0.67,164.23,0.67,,,,,54709.23,279.76,54593.70,279.76,54709.23,279.76
gfx1151-MiniMax-M2.7-UD-IQ4_NL,tg128,d8192,1,23.86,0.08,23.86,0.08,28.00,0.82,28.00,0.82,,,,,,
gfx1151-MiniMax-M2.7-UD-IQ4_NL,pp2048,d8192,2,162.68,0.44,112.79,31.96,,,,,86131.09,23799.41,86015.56,23799.41,86131.09,23799.41
gfx1151-MiniMax-M2.7-UD-IQ4_NL,tg128,d8192,2,4.67,0.05,8.07,5.71,31.33,0.47,16.33,0.47,,,,,,
gfx1151-MiniMax-M2.7-UD-IQ4_NL,pp2048,d8192,4,160.47,0.34,76.21,36.56,,,,,143593.48,58503.30,143477.95,58503.30,143593.48,58503.30
gfx1151-MiniMax-M2.7-UD-IQ4_NL,tg128,d8192,4,3.07,0.05,2.82,2.76,35.67,1.25,10.33,1.37,,,,,,
gfx1151-MiniMax-M2.7-UD-IQ4_NL,pp2048,d16384,1,144.64,1.91,144.64,1.91,,,,,111206.25,3193.83,111090.72,3193.83,111206.25,3193.83
gfx1151-MiniMax-M2.7-UD-IQ4_NL,tg128,d16384,1,21.35,0.27,21.35,0.27,24.67,0.47,24.67,0.47,,,,,,
gfx1151-MiniMax-M2.7-UD-IQ4_NL,pp2048,d16384,2,142.81,0.27,104.08,33.00,,,,,172584.60,54009.03,172469.07,54009.03,172584.60,54009.03
gfx1151-MiniMax-M2.7-UD-IQ4_NL,tg128,d16384,2,2.25,0.04,6.04,4.90,27.00,0.82,14.33,0.94,,,,,,
gfx1151-MiniMax-M2.7-UD-IQ4_NL,pp2048,d16384,4,141.20,0.39,71.48,38.47,,,,,287895.80,125310.02,287780.27,125310.02,287895.80,125310.02
gfx1151-MiniMax-M2.7-UD-IQ4_NL,tg128,d16384,4,1.48,0.02,1.96,2.30,27.33,0.47,8.75,1.79,,,,,,
gfx1151-MiniMax-M2.7-UD-IQ4_XS,pp2048,d0,1,180.25,0.58,180.25,0.58,,,,,10248.05,38.16,10130.56,38.16,10248.05,38.16
gfx1151-MiniMax-M2.7-UD-IQ4_XS,tg128,d0,1,27.62,0.88,27.62,0.88,31.67,2.87,31.67,2.87,,,,,,
gfx1151-MiniMax-M2.7-UD-IQ4_XS,pp2048,d0,2,172.67,0.80,121.38,35.28,,,,,16538.64,4654.34,16421.14,4654.34,16538.64,4654.34
gfx1151-MiniMax-M2.7-UD-IQ4_XS,tg128,d0,2,15.96,0.02,13.05,4.99,41.33,1.70,21.00,1.63,,,,,,
gfx1151-MiniMax-M2.7-UD-IQ4_XS,pp2048,d0,4,178.48,2.62,78.69,37.05,,,,,27642.92,10510.76,27525.43,10510.76,27642.92,10510.76
gfx1151-MiniMax-M2.7-UD-IQ4_XS,tg128,d0,4,13.33,0.30,6.55,2.89,88.33,54.24,22.42,13.40,,,,,,
gfx1151-MiniMax-M2.7-UD-IQ4_XS,pp2048,d8192,1,164.96,0.41,164.96,0.41,,,,,55371.34,626.63,55253.84,626.63,55371.34,626.63
gfx1151-MiniMax-M2.7-UD-IQ4_XS,tg128,d8192,1,24.59,0.08,24.59,0.08,27.67,1.25,27.67,1.25,,,,,,
gfx1151-MiniMax-M2.7-UD-IQ4_XS,pp2048,d8192,2,162.27,0.48,113.34,32.14,,,,,86648.86,24540.70,86531.37,24540.70,86648.86,24540.70
gfx1151-MiniMax-M2.7-UD-IQ4_XS,tg128,d8192,2,4.57,0.13,8.08,5.79,31.67,0.47,16.33,0.47,,,,,,
gfx1151-MiniMax-M2.7-UD-IQ4_XS,pp2048,d8192,4,159.47,0.98,75.66,37.20,,,,,145211.60,59192.07,145094.11,59192.07,145211.60,59192.07
gfx1151-MiniMax-M2.7-UD-IQ4_XS,tg128,d8192,4,3.05,0.05,2.84,2.74,35.00,2.16,10.50,1.19,,,,,,
gfx1151-MiniMax-M2.7-UD-IQ4_XS,pp2048,d16384,1,143.37,1.20,143.37,1.20,,,,,112226.91,1363.36,112109.42,1363.36,112226.91,1363.36
gfx1151-MiniMax-M2.7-UD-IQ4_XS,tg128,d16384,1,21.33,0.45,21.33,0.45,26.33,1.25,26.33,1.25,,,,,,
gfx1151-MiniMax-M2.7-UD-IQ4_XS,pp2048,d16384,2,142.56,0.18,103.26,32.41,,,,,171284.17,52825.14,171166.67,52825.14,171284.17,52825.14
gfx1151-MiniMax-M2.7-UD-IQ4_XS,tg128,d16384,2,2.31,0.13,6.16,5.01,26.67,1.25,14.33,1.37,,,,,,
gfx1151-MiniMax-M2.7-UD-IQ4_XS,pp2048,d16384,4,140.27,0.81,70.55,37.60,,,,,291522.37,125916.11,291404.88,125916.11,291522.37,125916.11
gfx1151-MiniMax-M2.7-UD-IQ4_XS,tg128,d16384,4,1.49,0.02,1.94,2.26,28.33,0.47,8.92,1.50,,,,,,
gfx1151-MiniMax-M2.7-UD-Q3_K_S,pp2048,d0,1,184.08,2.76,184.08,2.76,,,,,9653.41,261.83,9548.98,261.83,9653.41,261.83
gfx1151-MiniMax-M2.7-UD-Q3_K_S,tg128,d0,1,28.72,0.72,28.72,0.72,31.00,2.16,31.00,2.16,,,,,,
gfx1151-MiniMax-M2.7-UD-Q3_K_S,pp2048,d0,2,180.90,2.33,126.39,35.15,,,,,15828.35,4470.48,15723.93,4470.48,15828.35,4470.48
gfx1151-MiniMax-M2.7-UD-Q3_K_S,tg128,d0,2,16.86,0.78,14.06,5.70,44.67,2.36,22.67,1.11,,,,,,
gfx1151-MiniMax-M2.7-UD-Q3_K_S,pp2048,d0,4,185.29,0.70,81.93,39.85,,,,,26699.38,10139.11,26594.95,10139.11,26699.38,10139.11
gfx1151-MiniMax-M2.7-UD-Q3_K_S,tg128,d0,4,14.25,0.37,7.16,3.31,56.33,2.62,15.17,0.69,,,,,,
gfx1151-MiniMax-M2.7-UD-Q3_K_S,pp2048,d8192,1,170.65,1.15,170.65,1.15,,,,,52138.40,836.88,52033.97,836.88,52138.40,836.88
gfx1151-MiniMax-M2.7-UD-Q3_K_S,tg128,d8192,1,25.56,0.32,25.56,0.32,28.33,1.25,28.33,1.25,,,,,,
gfx1151-MiniMax-M2.7-UD-Q3_K_S,pp2048,d8192,2,168.12,0.80,117.19,32.95,,,,,83206.44,23466.02,83102.01,23466.02,83206.44,23466.02
gfx1151-MiniMax-M2.7-UD-Q3_K_S,tg128,d8192,2,4.80,0.07,8.65,6.26,33.33,0.47,17.33,0.94,,,,,,
gfx1151-MiniMax-M2.7-UD-Q3_K_S,pp2048,d8192,4,167.07,0.48,80.90,40.24,,,,,137130.75,57554.13,137026.32,57554.13,137130.75,57554.13
gfx1151-MiniMax-M2.7-UD-Q3_K_S,tg128,d8192,4,3.14,0.06,3.02,2.98,38.67,0.94,11.08,0.95,,,,,,
gfx1151-MiniMax-M2.7-UD-Q3_K_S,pp2048,d16384,1,149.66,1.11,149.66,1.11,,,,,108228.50,2634.30,108124.07,2634.30,108228.50,2634.30
gfx1151-MiniMax-M2.7-UD-Q3_K_S,tg128,d16384,1,22.39,0.20,22.39,0.20,26.00,1.41,26.00,1.41,,,,,,
gfx1151-MiniMax-M2.7-UD-Q3_K_S,pp2048,d16384,2,147.74,0.23,108.22,34.64,,,,,165734.18,52505.62,165629.75,52505.62,165734.18,52505.62
gfx1151-MiniMax-M2.7-UD-Q3_K_S,tg128,d16384,2,2.32,0.08,6.38,5.22,27.00,1.41,14.33,0.94,,,,,,
gfx1151-MiniMax-M2.7-UD-Q3_K_S,pp2048,d16384,4,145.91,0.40,75.66,42.36,,,,,276996.37,123072.94,276891.94,123072.94,276996.37,123072.94
gfx1151-MiniMax-M2.7-UD-Q3_K_S,tg128,d16384,4,1.52,0.02,2.02,2.36,29.33,0.47,9.08,1.38,,,,,,
gfx1151-NVIDIA-Nemotron-3-Nano-Omni-Q8_0,tg128,d0,1,56.71,1.09,56.71,1.09,60.33,1.70,60.33,1.70,,,,,,
gfx1151-NVIDIA-Nemotron-3-Nano-Omni-Q8_0,pp2048,d0,2,870.23,12.22,1022.30,31.22,,,,,4196.54,61.85,1802.83,61.85,4196.54,61.85
gfx1151-NVIDIA-Nemotron-3-Nano-Omni-Q8_0,tg128,d0,2,75.04,0.80,37.93,1.15,84.33,2.49,42.33,1.60,,,,,,
gfx1151-NVIDIA-Nemotron-3-Nano-Omni-Q8_0,pp2048,d0,4,786.70,17.48,296.66,35.88,,,,,8610.07,729.51,6216.35,729.51,8610.07,729.51
gfx1151-NVIDIA-Nemotron-3-Nano-Omni-Q8_0,tg128,d0,4,69.65,1.13,20.79,2.25,117.00,1.63,29.25,1.01,,,,,,
gfx1151-NVIDIA-Nemotron-3-Nano-Omni-Q8_0,pp2048,d8192,1,1051.53,161.17,1051.53,161.17,,,,,11423.76,1280.95,9030.04,1280.95,11423.76,1280.95
gfx1151-NVIDIA-Nemotron-3-Nano-Omni-Q8_0,tg128,d8192,1,55.03,0.25,55.03,0.25,57.00,0.82,57.00,0.82,,,,,,
gfx1151-NVIDIA-Nemotron-3-Nano-Omni-Q8_0,pp2048,d8192,2,738.67,3.34,477.28,73.04,,,,,21918.48,2767.96,19524.76,2767.96,21918.48,2767.96
gfx1151-NVIDIA-Nemotron-3-Nano-Omni-Q8_0,tg128,d8192,2,28.89,0.02,26.14,11.64,82.67,4.03,41.33,2.29,,,,,,
gfx1151-NVIDIA-Nemotron-3-Nano-Omni-Q8_0,pp2048,d8192,4,723.41,2.69,317.61,135.09,,,,,36340.89,12114.51,33947.18,12114.51,36340.89,12114.51
gfx1151-NVIDIA-Nemotron-3-Nano-Omni-Q8_0,tg128,d8192,4,14.08,0.31,10.47,7.55,101.33,10.08,26.17,2.30,,,,,,
gfx1151-NVIDIA-Nemotron-3-Nano-Omni-Q8_0,pp2048,d16384,1,805.67,2.90,805.67,2.90,,,,,22878.68,358.36,20484.96,358.36,22878.68,358.36
gfx1151-NVIDIA-Nemotron-3-Nano-Omni-Q8_0,tg128,d16384,1,53.80,0.52,53.80,0.52,57.33,3.40,57.33,3.40,,,,,,
gfx1151-NVIDIA-Nemotron-3-Nano-Omni-Q8_0,pp2048,d16384,2,712.15,0.08,504.44,128.07,,,,,37452.33,8984.24,35058.62,8984.24,37452.33,8984.24
gfx1151-NVIDIA-Nemotron-3-Nano-Omni-Q8_0,tg128,d16384,2,12.16,0.14,21.69,15.53,79.00,4.24,40.50,1.50,,,,,,
gfx1151-NVIDIA-Nemotron-3-Nano-Omni-Q8_0,pp2048,d16384,4,711.08,0.45,346.13,180.13,,,,,62796.26,24881.19,60402.54,24881.19,62796.26,24881.19
gfx1151-NVIDIA-Nemotron-3-Nano-Omni-Q8_0,tg128,d16384,4,7.31,0.06,8.25,8.38,94.33,7.93,26.58,3.38,,,,,,
gfx1151-NVIDIA-Nemotron-3-Super-120B-A12B-Q5_K_M,pp2048,d0,1,216.01,1.91,216.01,1.91,,,,,14007.10,186.60,8309.58,186.60,14007.10,186.60
gfx1151-NVIDIA-Nemotron-3-Super-120B-A12B-Q5_K_M,tg128,d0,1,13.94,0.15,13.94,0.15,16.33,0.47,16.33,0.47,,,,,,
gfx1151-NVIDIA-Nemotron-3-Super-120B-A12B-Q5_K_M,pp2048,d0,2,126.94,0.87,79.14,2.33,,,,,29312.80,886.70,23615.27,886.70,29312.80,886.70
gfx1151-NVIDIA-Nemotron-3-Super-120B-A12B-Q5_K_M,tg128,d0,2,17.94,0.14,9.06,0.11,21.33,0.94,11.00,0.00,,,,,,
gfx1151-NVIDIA-Nemotron-3-Super-120B-A12B-Q5_K_M,pp2048,d0,4,120.77,1.79,36.19,3.61,,,,,58118.86,4919.25,52421.34,4919.25,58118.86,4919.25
gfx1151-NVIDIA-Nemotron-3-Super-120B-A12B-Q5_K_M,tg128,d0,4,14.55,0.29,4.82,0.74,26.67,0.47,7.17,0.55,,,,,,
gfx1151-NVIDIA-Nemotron-3-Super-120B-A12B-Q5_K_M,pp2048,d8192,1,151.31,1.53,151.31,1.53,,,,,66880.76,1186.26,61183.24,1186.26,66880.76,1186.26
gfx1151-NVIDIA-Nemotron-3-Super-120B-A12B-Q5_K_M,tg128,d8192,1,13.81,0.05,13.81,0.05,15.67,0.47,15.67,0.47,,,,,,
gfx1151-NVIDIA-Nemotron-3-Super-120B-A12B-Q5_K_M,pp2048,d8192,2,136.36,0.31,81.95,10.77,,,,,119551.38,14980.20,113853.85,14980.20,119551.38,14980.20
gfx1151-NVIDIA-Nemotron-3-Super-120B-A12B-Q5_K_M,tg128,d8192,2,5.90,0.11,6.03,3.04,21.00,0.82,11.00,0.82,,,,,,
gfx1151-NVIDIA-Nemotron-3-Super-120B-A12B-Q5_K_M,pp2048,d8192,4,135.78,0.16,56.08,22.71,,,,,196103.37,65212.58,190405.85,65212.58,196103.37,65212.58
gfx1151-NVIDIA-Nemotron-3-Super-120B-A12B-Q5_K_M,tg128,d8192,4,2.72,0.01,2.41,1.94,26.67,0.94,8.42,1.50,,,,,,
gfx1151-NVIDIA-Nemotron-3-Super-120B-A12B-Q5_K_M,pp2048,d16384,1,141.31,0.41,141.31,0.41,,,,,123344.03,1356.28,117646.51,1356.28,123344.03,1356.28
gfx1151-NVIDIA-Nemotron-3-Super-120B-A12B-Q5_K_M,tg128,d16384,1,13.71,0.13,13.71,0.13,16.00,1.63,16.00,1.63,,,,,,
gfx1151-NVIDIA-Nemotron-3-Super-120B-A12B-Q5_K_M,pp2048,d16384,2,134.84,0.51,90.58,21.22,,,,,198991.62,46261.94,193294.10,46261.94,198991.62,46261.94
gfx1151-NVIDIA-Nemotron-3-Super-120B-A12B-Q5_K_M,tg128,d16384,2,2.44,0.08,5.19,3.95,20.67,0.47,11.67,0.94,,,,,,
gfx1151-NVIDIA-Nemotron-3-Super-120B-A12B-Q5_K_M,pp2048,d16384,4,136.07,0.35,62.71,31.22,,,,,331030.50,127587.74,325332.98,127587.74,331030.50,127587.74
gfx1151-NVIDIA-Nemotron-3-Super-120B-A12B-Q5_K_M,tg128,d16384,4,1.45,0.01,1.97,2.18,26.67,0.47,9.08,2.02,,,,,,
gfx1151-Ornith-1.0-35B-Q8_0,pp2048,d0,1,715.65,6.45,715.65,6.45,,,,,2957.37,27.38,2596.51,27.38,2957.37,27.38
gfx1151-Ornith-1.0-35B-Q8_0,tg128,d0,1,57.92,1.17,57.92,1.17,61.00,2.94,61.00,2.94,,,,,,
gfx1151-Ornith-1.0-35B-Q8_0,pp2048,d0,2,618.10,5.57,339.49,8.72,,,,,5943.60,219.02,5582.74,219.02,5943.60,219.02
gfx1151-Ornith-1.0-35B-Q8_0,tg128,d0,2,73.69,0.65,39.02,2.18,87.67,0.94,44.17,1.07,,,,,,
gfx1151-Ornith-1.0-35B-Q8_0,pp2048,d0,4,582.88,10.81,170.68,23.69,,,,,11490.30,1311.08,11129.44,1311.08,11490.30,1311.08
gfx1151-Ornith-1.0-35B-Q8_0,tg128,d0,4,66.85,1.06,23.17,4.76,126.67,3.86,31.92,2.47,,,,,,
gfx1151-Ornith-1.0-35B-Q8_0,pp2048,d8192,1,836.13,3.49,836.13,3.49,,,,,11423.77,108.82,11062.91,108.82,11423.77,108.82
gfx1151-Ornith-1.0-35B-Q8_0,tg128,d8192,1,55.05,0.57,55.05,0.57,58.00,0.00,58.00,0.00,,,,,,
gfx1151-Ornith-1.0-35B-Q8_0,pp2048,d8192,2,788.73,1.39,470.42,70.25,,,,,20465.21,2988.12,20104.35,2988.12,20465.21,2988.12
gfx1151-Ornith-1.0-35B-Q8_0,tg128,d8192,2,28.73,0.57,26.28,11.50,79.67,1.25,40.67,1.11,,,,,,
gfx1151-Ornith-1.0-35B-Q8_0,pp2048,d8192,4,770.47,0.50,306.12,122.93,,,,,34928.73,11179.74,34567.87,11179.74,34928.73,11179.74
gfx1151-Ornith-1.0-35B-Q8_0,tg128,d8192,4,15.71,0.28,11.79,8.20,105.33,1.25,27.92,1.38,,,,,,
gfx1151-Ornith-1.0-35B-Q8_0,pp2048,d16384,1,818.78,1.28,818.78,1.28,,,,,20550.91,177.15,20190.05,177.15,20550.91,177.15
gfx1151-Ornith-1.0-35B-Q8_0,tg128,d16384,1,52.84,0.39,52.84,0.39,55.67,1.25,55.67,1.25,,,,,,
gfx1151-Ornith-1.0-35B-Q8_0,pp2048,d16384,2,793.62,3.04,505.50,102.00,,,,,34802.94,7219.74,34442.07,7219.74,34802.94,7219.74
gfx1151-Ornith-1.0-35B-Q8_0,tg128,d16384,2,14.98,0.08,22.16,14.66,76.33,0.47,38.67,0.75,,,,,,
gfx1151-Ornith-1.0-35B-Q8_0,pp2048,d16384,4,770.57,0.50,337.67,151.19,,,,,58901.80,21732.24,58540.94,21732.24,58901.80,21732.24
gfx1151-Ornith-1.0-35B-Q8_0,tg128,d16384,4,8.63,0.03,8.43,7.89,94.00,1.63,27.17,2.94,,,,,,
gfx1151-Qwen-AgentWorld-35B-A3B-Q8_0,pp2048,d0,1,971.58,24.81,971.58,24.81,,,,,2035.54,11.82,1908.07,11.82,2035.54,11.82
gfx1151-Qwen-AgentWorld-35B-A3B-Q8_0,tg128,d0,1,57.18,1.02,57.18,1.02,61.00,2.16,61.00,2.16,,,,,,
gfx1151-Qwen-AgentWorld-35B-A3B-Q8_0,pp2048,d0,2,867.22,19.06,450.13,14.62,,,,,4211.62,59.65,4084.15,59.65,4211.62,59.65
gfx1151-Qwen-AgentWorld-35B-A3B-Q8_0,tg128,d0,2,84.57,4.80,42.77,2.56,94.00,5.66,48.17,4.74,,,,,,
gfx1151-Qwen-AgentWorld-35B-A3B-Q8_0,pp2048,d0,4,793.62,8.02,217.92,18.95,,,,,8633.19,719.18,8505.72,719.18,8633.19,719.18
gfx1151-Qwen-AgentWorld-35B-A3B-Q8_0,tg128,d0,4,82.89,3.52,25.39,3.63,127.33,2.62,33.17,4.86,,,,,,
gfx1151-Qwen-AgentWorld-35B-A3B-Q8_0,pp2048,d8192,1,901.66,5.07,901.66,5.07,,,,,10496.94,134.61,10369.47,134.61,10496.94,134.61
gfx1151-Qwen-AgentWorld-35B-A3B-Q8_0,tg128,d8192,1,56.66,1.49,56.66,1.49,60.33,0.94,60.33,0.94,,,,,,
gfx1151-Qwen-AgentWorld-35B-A3B-Q8_0,pp2048,d8192,2,865.18,2.28,503.12,61.31,,,,,18770.44,2552.01,18642.97,2552.01,18770.44,2552.01
gfx1151-Qwen-AgentWorld-35B-A3B-Q8_0,tg128,d8192,2,32.12,0.61,27.76,11.78,82.33,2.87,41.67,2.36,,,,,,
gfx1151-Qwen-AgentWorld-35B-A3B-Q8_0,pp2048,d8192,4,848.85,2.81,337.26,138.73,,,,,31734.26,10337.22,31606.79,10337.22,31734.26,10337.22
gfx1151-Qwen-AgentWorld-35B-A3B-Q8_0,tg128,d8192,4,17.90,0.30,12.60,8.11,121.33,9.74,32.25,6.21,,,,,,
gfx1151-Qwen-AgentWorld-35B-A3B-Q8_0,pp2048,d16384,1,849.20,2.22,849.20,2.22,,,,,19834.90,317.74,19707.43,317.74,19834.90,317.74
gfx1151-Qwen-AgentWorld-35B-A3B-Q8_0,tg128,d16384,1,52.18,1.02,52.18,1.02,56.33,1.70,56.33,1.70,,,,,,
gfx1151-Qwen-AgentWorld-35B-A3B-Q8_0,pp2048,d16384,2,832.66,1.33,528.47,111.55,,,,,33298.32,6949.74,33170.85,6949.74,33298.32,6949.74
gfx1151-Qwen-AgentWorld-35B-A3B-Q8_0,tg128,d16384,2,15.75,0.54,22.17,14.12,78.67,2.36,40.33,1.49,,,,,,
gfx1151-Qwen-AgentWorld-35B-A3B-Q8_0,pp2048,d16384,4,812.58,1.28,358.93,164.50,,,,,55799.86,20896.69,55672.39,20896.69,55799.86,20896.69
gfx1151-Qwen-AgentWorld-35B-A3B-Q8_0,tg128,d16384,4,9.38,0.30,9.00,8.24,101.67,10.96,27.92,6.70,,,,,,
gfx1151-Qwen3-235B-A22B-Instruct-Q2_K_L,pp2048,d0,1,162.72,14.57,162.72,14.57,,,,,11890.65,426.78,11675.94,426.78,11890.65,426.78
gfx1151-Qwen3-235B-A22B-Instruct-Q2_K_L,tg128,d0,1,22.03,0.25,22.03,0.25,26.33,1.25,26.33,1.25,,,,,,
gfx1151-Qwen3-235B-A22B-Instruct-Q2_K_L,pp2048,d0,2,146.32,2.89,102.62,29.99,,,,,19528.30,5404.16,19313.59,5404.16,19528.30,5404.16
gfx1151-Qwen3-235B-A22B-Instruct-Q2_K_L,tg128,d0,2,13.97,0.61,11.04,3.95,36.67,2.05,18.67,1.37,,,,,,
gfx1151-Qwen3-235B-A22B-Instruct-Q2_K_L,pp2048,d0,4,147.49,0.19,67.28,33.03,,,,,33215.92,13063.80,33001.21,13063.80,33215.92,13063.80
gfx1151-Qwen3-235B-A22B-Instruct-Q2_K_L,tg128,d0,4,11.12,0.15,5.34,2.37,43.33,1.70,12.08,1.44,,,,,,
gfx1151-Qwen3-235B-A22B-Instruct-Q2_K_L,pp2048,d8192,1,122.02,0.35,122.02,0.35,,,,,76012.24,163.87,75797.53,163.87,76012.24,163.87
gfx1151-Qwen3-235B-A22B-Instruct-Q2_K_L,tg128,d8192,1,19.49,0.88,19.49,0.88,23.00,3.56,23.00,3.56,,,,,,
gfx1151-Qwen3-235B-A22B-Instruct-Q2_K_L,pp2048,d8192,2,121.26,0.41,86.01,25.16,,,,,115989.50,34101.96,115774.79,34101.96,115989.50,34101.96
gfx1151-Qwen3-235B-A22B-Instruct-Q2_K_L,tg128,d8192,2,3.18,0.36,7.26,5.85,29.33,1.89,16.33,3.40,,,,,,
gfx1151-Qwen3-235B-A22B-Instruct-Q2_K_L,pp2048,d8192,4,120.09,0.25,58.81,31.17,,,,,194823.11,81666.88,194608.40,81666.88,194823.11,81666.88
gfx1151-Qwen3-235B-A22B-Instruct-Q2_K_L,tg128,d8192,4,2.30,0.03,2.29,2.28,31.33,1.89,10.50,1.85,,,,,,
gfx1151-Qwen3-235B-A22B-Instruct-Q2_K_L,pp2048,d16384,1,101.67,0.52,101.67,0.52,,,,,159791.86,945.91,159577.15,945.91,159791.86,945.91
gfx1151-Qwen3-235B-A22B-Instruct-Q2_K_L,tg128,d16384,1,18.33,0.69,18.33,0.69,22.00,2.16,22.00,2.16,,,,,,
gfx1151-Qwen3-235B-A22B-Instruct-Q2_K_L,pp2048,d16384,2,100.02,0.05,71.74,21.65,,,,,251124.11,75938.41,250909.40,75938.41,251124.11,75938.41
gfx1151-Qwen3-235B-A22B-Instruct-Q2_K_L,tg128,d16384,2,1.73,0.04,6.01,5.17,27.33,1.89,14.83,1.34,,,,,,
gfx1151-Qwen3-235B-A22B-Instruct-Q2_K_L,pp2048,d16384,4,98.12,0.09,50.15,27.49,,,,,422033.18,185578.59,421818.47,185578.59,422033.18,185578.59
gfx1151-Qwen3-235B-A22B-Instruct-Q2_K_L,tg128,d16384,4,1.04,0.05,1.60,2.00,29.33,2.87,10.58,4.29,,,,,,
gfx1151-Qwen3.5-9B-Q5_K_M,pp2048,d0,1,3211.28,186.22,3211.28,186.22,,,,,2179.83,49.42,585.60,49.42,2179.83,49.42
gfx1151-Qwen3.5-9B-Q5_K_M,tg128,d0,1,35.00,1.11,35.00,1.11,39.67,0.94,39.67,0.94,,,,,,
gfx1151-Qwen3.5-9B-Q5_K_M,pp2048,d0,2,800.28,11.24,629.85,20.45,,,,,4458.18,66.08,2863.95,66.08,4458.18,66.08
gfx1151-Qwen3.5-9B-Q5_K_M,tg128,d0,2,61.75,1.31,31.19,0.69,69.33,0.47,35.33,0.75,,,,,,
gfx1151-Qwen3.5-9B-Q5_K_M,pp2048,d0,4,764.04,3.41,253.15,29.19,,,,,8940.60,734.68,7346.38,734.68,8940.60,734.68
gfx1151-Qwen3.5-9B-Q5_K_M,tg128,d0,4,77.98,1.16,23.74,2.67,120.00,1.41,30.08,0.49,,,,,,
gfx1151-Qwen3.5-9B-Q5_K_M,pp2048,d8192,1,996.46,0.95,996.46,0.95,,,,,10746.98,61.06,9152.75,61.06,10746.98,61.06
gfx1151-Qwen3.5-9B-Q5_K_M,tg128,d8192,1,34.78,1.15,34.78,1.15,39.00,1.41,39.00,1.41,,,,,,
gfx1151-Qwen3.5-9B-Q5_K_M,pp2048,d8192,2,828.93,0.66,524.12,80.96,,,,,19580.52,2655.19,17986.29,2655.19,19580.52,2655.19
gfx1151-Qwen3.5-9B-Q5_K_M,tg128,d8192,2,28.52,0.59,22.20,7.79,69.33,4.78,35.17,2.11,,,,,,
gfx1151-Qwen3.5-9B-Q5_K_M,pp2048,d8192,4,817.04,0.22,350.71,146.62,,,,,32356.44,10910.49,30762.21,10910.49,32356.44,10910.49
gfx1151-Qwen3.5-9B-Q5_K_M,tg128,d8192,4,16.45,0.37,11.02,6.97,104.33,8.96,26.67,2.78,,,,,,
gfx1151-Qwen3.5-9B-Q5_K_M,pp2048,d16384,1,855.83,0.31,855.83,0.31,,,,,20973.56,60.48,19379.33,60.48,20973.56,60.48
gfx1151-Qwen3.5-9B-Q5_K_M,tg128,d16384,1,31.74,0.89,31.74,0.89,35.33,1.70,35.33,1.70,,,,,,
gfx1151-Qwen3.5-9B-Q5_K_M,pp2048,d16384,2,773.03,2.53,537.42,137.14,,,,,34883.78,8460.29,33289.55,8460.29,34883.78,8460.29
gfx1151-Qwen3.5-9B-Q5_K_M,tg128,d16384,2,13.02,0.61,17.36,10.81,65.00,4.24,33.33,2.13,,,,,,
gfx1151-Qwen3.5-9B-Q5_K_M,pp2048,d16384,4,760.30,0.60,365.77,188.87,,,,,58738.91,23345.79,57144.68,23345.79,58738.91,23345.79
gfx1151-Qwen3.5-9B-Q5_K_M,tg128,d16384,4,8.20,0.10,7.83,7.22,83.67,3.09,23.42,2.25,,,,,,
gfx1151-Qwen3.6-27B-BF16,pp2048,d0,1,129.98,2.29,129.98,2.29,,,,,17233.72,497.13,14035.76,497.13,17233.72,497.13
gfx1151-Qwen3.6-27B-BF16,tg128,d0,1,4.47,0.18,4.47,0.18,8.67,2.36,8.67,2.36,,,,,,
gfx1151-Qwen3.6-27B-BF16,pp2048,d0,2,100.55,0.70,55.52,0.67,,,,,36671.55,705.40,33473.59,705.40,36671.55,705.40
gfx1151-Qwen3.6-27B-BF16,tg128,d0,2,7.51,0.21,3.80,0.16,13.67,3.09,7.17,1.77,,,,,,
gfx1151-Qwen3.6-27B-BF16,pp2048,d0,4,96.56,0.38,27.40,2.65,,,,,71248.31,5945.75,68050.35,5945.75,71248.31,5945.75
gfx1151-Qwen3.6-27B-BF16,tg128,d0,4,9.94,0.08,3.05,0.41,22.33,0.94,7.33,1.84,,,,,,
gfx1151-Qwen3.6-27B-BF16,pp2048,d8192,1,109.24,0.39,109.24,0.39,,,,,88887.45,679.07,85689.50,679.07,88887.45,679.07
gfx1151-Qwen3.6-27B-BF16,tg128,d8192,1,4.29,0.01,4.29,0.01,7.33,0.47,7.33,0.47,,,,,,
gfx1151-Qwen3.6-27B-BF16,pp2048,d8192,2,104.23,0.07,61.40,7.99,,,,,156773.29,20975.64,153575.33,20975.64,156773.29,20975.64
gfx1151-Qwen3.6-27B-BF16,tg128,d8192,2,3.42,0.03,2.68,0.97,11.33,0.47,6.00,0.00,,,,,,
gfx1151-Qwen3.6-27B-BF16,pp2048,d8192,4,103.49,0.55,42.40,16.90,,,,,256668.46,86868.47,253470.50,86868.47,256668.46,86868.47
gfx1151-Qwen3.6-27B-BF16,tg128,d8192,4,2.07,0.02,1.49,1.01,17.33,1.25,5.42,0.76,,,,,,
gfx1151-Qwen3.6-27B-BF16,pp2048,d16384,1,104.68,0.22,104.68,0.22,,,,,162869.48,448.50,159671.52,448.50,162869.48,448.50
gfx1151-Qwen3.6-27B-BF16,tg128,d16384,1,4.33,0.06,4.33,0.06,6.33,0.47,6.33,0.47,,,,,,
gfx1151-Qwen3.6-27B-BF16,pp2048,d16384,2,101.75,0.21,68.43,17.02,,,,,263179.07,64864.03,259981.12,64864.03,263179.07,64864.03
gfx1151-Qwen3.6-27B-BF16,tg128,d16384,2,1.66,0.05,2.23,1.37,11.00,0.82,6.33,0.47,,,,,,
gfx1151-Qwen3.6-27B-BF16,pp2048,d16384,4,100.83,0.10,45.92,22.35,,,,,449303.64,173537.67,446105.68,173537.67,449303.64,173537.67
gfx1151-Qwen3.6-27B-BF16,tg128,d16384,4,1.10,0.03,1.16,1.14,17.00,1.41,5.83,0.80,,,,,,
gfx1151-Qwen3.6-27B-MTP-Q8_0,pp2048,d0,1,205.38,2.28,205.38,2.28,,,,,9351.52,110.87,9115.34,110.87,9351.52,110.87
gfx1151-Qwen3.6-27B-MTP-Q8_0,tg128,d0,1,18.60,1.91,18.60,1.91,27.67,0.94,27.67,0.94,,,,,,
gfx1151-Qwen3.6-27B-MTP-Q8_0,pp2048,d0,2,195.05,0.84,99.84,2.17,,,,,18563.72,562.94,18327.55,562.94,18563.72,562.94
gfx1151-Qwen3.6-27B-MTP-Q8_0,tg128,d0,2,20.08,1.45,10.33,0.87,32.00,2.83,16.17,1.46,,,,,,
gfx1151-Qwen3.6-27B-MTP-Q8_0,pp2048,d0,4,184.11,1.70,50.86,5.37,,,,,37091.43,3344.70,36855.25,3344.70,37091.43,3344.70
gfx1151-Qwen3.6-27B-MTP-Q8_0,tg128,d0,4,16.11,0.21,4.95,0.58,38.33,3.86,12.58,2.60,,,,,,
gfx1151-Qwen3.6-27B-MTP-Q8_0,pp2048,d8192,1,196.64,0.33,196.64,0.33,,,,,47278.31,787.37,47042.13,787.37,47278.31,787.37
gfx1151-Qwen3.6-27B-MTP-Q8_0,tg128,d8192,1,17.89,0.86,17.89,0.86,26.67,0.47,26.67,0.47,,,,,,
gfx1151-Qwen3.6-27B-MTP-Q8_0,pp2048,d8192,2,195.01,0.41,113.27,14.86,,,,,83706.61,11544.53,83470.43,11544.53,83706.61,11544.53
gfx1151-Qwen3.6-27B-MTP-Q8_0,tg128,d8192,2,7.56,0.25,7.15,3.31,28.00,1.63,16.33,1.80,,,,,,
gfx1151-Qwen3.6-27B-MTP-Q8_0,pp2048,d8192,4,192.51,0.57,78.78,31.36,,,,,137133.24,47156.21,136897.07,47156.21,137133.24,47156.21
gfx1151-Qwen3.6-27B-MTP-Q8_0,tg128,d8192,4,3.80,0.03,2.68,1.85,35.00,0.82,12.58,3.40,,,,,,
gfx1151-Qwen3.6-27B-MTP-Q8_0,pp2048,d16384,1,188.55,0.29,188.55,0.29,,,,,88795.90,866.77,88559.73,866.77,88795.90,866.77
gfx1151-Qwen3.6-27B-MTP-Q8_0,tg128,d16384,1,16.49,0.72,16.49,0.72,27.33,0.47,27.33,0.47,,,,,,
gfx1151-Qwen3.6-27B-MTP-Q8_0,pp2048,d16384,2,186.91,0.40,124.39,30.37,,,,,142662.81,35432.00,142426.63,35432.00,142662.81,35432.00
gfx1151-Qwen3.6-27B-MTP-Q8_0,tg128,d16384,2,3.31,0.08,6.21,4.55,29.67,1.25,16.83,1.95,,,,,,
gfx1151-Qwen3.6-27B-MTP-Q8_0,pp2048,d16384,4,183.27,0.01,84.83,41.77,,,,,241889.80,96163.95,241653.62,96163.95,241889.80,96163.95
gfx1151-Qwen3.6-27B-MTP-Q8_0,tg128,d16384,4,1.98,0.03,2.24,2.32,34.00,1.41,12.50,3.99,,,,,,
gfx1151-Qwen3.6-27B-MTP-Q8_0-q8_0,pp2048,d0,1,232.26,2.66,232.26,2.66,,,,,7887.58,63.03,7568.48,63.03,7887.58,63.03
gfx1151-Qwen3.6-27B-MTP-Q8_0-q8_0,tg128,d0,1,18.74,0.94,18.74,0.94,28.00,0.82,28.00,0.82,,,,,,
gfx1151-Qwen3.6-27B-MTP-Q8_0-q8_0,pp2048,d0,2,214.34,0.99,110.39,2.26,,,,,17010.38,303.20,16691.29,303.20,17010.38,303.20
gfx1151-Qwen3.6-27B-MTP-Q8_0-q8_0,tg128,d0,2,21.24,0.69,10.91,0.37,38.00,0.00,19.50,0.76,,,,,,
gfx1151-Qwen3.6-27B-MTP-Q8_0-q8_0,pp2048,d0,4,209.87,0.56,57.65,3.54,,,,,32030.51,2613.87,31711.42,2613.87,32030.51,2613.87
gfx1151-Qwen3.6-27B-MTP-Q8_0-q8_0,tg128,d0,4,17.93,0.61,5.35,0.41,41.67,3.40,14.33,3.32,,,,,,
gfx1151-Qwen3.6-27B-MTP-Q8_0-q8_0,pp2048,d8192,1,218.60,0.46,218.60,0.46,,,,,43072.19,226.31,42753.10,226.31,43072.19,226.31
gfx1151-Qwen3.6-27B-MTP-Q8_0-q8_0,tg128,d8192,1,21.07,0.61,21.07,0.61,27.00,0.82,27.00,0.82,,,,,,
gfx1151-Qwen3.6-27B-MTP-Q8_0-q8_0,pp2048,d8192,2,213.96,0.36,125.06,16.63,,,,,75845.94,10777.12,75526.85,10777.12,75845.94,10777.12
gfx1151-Qwen3.6-27B-MTP-Q8_0-q8_0,tg128,d8192,2,7.87,0.15,7.19,3.04,28.00,1.41,17.17,2.11,,,,,,
gfx1151-Qwen3.6-27B-MTP-Q8_0-q8_0,pp2048,d8192,4,208.72,0.68,84.31,35.25,,,,,127997.89,42636.40,127678.79,42636.40,127997.89,42636.40
gfx1151-Qwen3.6-27B-MTP-Q8_0-q8_0,tg128,d8192,4,4.10,0.11,2.95,1.93,35.33,2.62,12.42,2.69,,,,,,
gfx1151-Qwen3.6-27B-MTP-Q8_0-q8_0,pp2048,d16384,1,209.77,0.32,209.77,0.32,,,,,79860.80,622.52,79541.70,622.52,79860.80,622.52
gfx1151-Qwen3.6-27B-MTP-Q8_0-q8_0,tg128,d16384,1,20.06,1.41,20.06,1.41,27.33,0.47,27.33,0.47,,,,,,
gfx1151-Qwen3.6-27B-MTP-Q8_0-q8_0,pp2048,d16384,2,205.43,0.31,130.04,27.06,,,,,134036.17,27918.70,133717.08,27918.70,134036.17,27918.70
gfx1151-Qwen3.6-27B-MTP-Q8_0-q8_0,tg128,d16384,2,4.01,0.06,6.29,4.21,27.67,2.49,17.50,3.64,,,,,,
gfx1151-Qwen3.6-27B-MTP-Q8_0-q8_0,pp2048,d16384,4,200.21,0.07,89.56,41.60,,,,,224819.92,85531.58,224500.82,85531.58,224819.92,85531.58
gfx1151-Qwen3.6-27B-MTP-Q8_0-q8_0,tg128,d16384,4,2.21,0.01,2.48,2.55,33.67,1.25,11.67,2.66,,,,,,
gfx1151-Qwen3.6-27B-Q6_K-MTP,pp2048,d0,1,186.06,1.83,186.06,1.83,,,,,9755.76,364.04,9430.49,364.04,9755.76,364.04
gfx1151-Qwen3.6-27B-Q6_K-MTP,tg128,d0,1,21.67,0.28,21.67,0.28,28.00,2.83,28.00,2.83,,,,,,
gfx1151-Qwen3.6-27B-Q6_K-MTP,pp2048,d0,2,198.24,25.48,102.02,13.36,,,,,18945.97,1258.48,18620.70,1258.48,18945.97,1258.48
gfx1151-Qwen3.6-27B-Q6_K-MTP,tg128,d0,2,22.40,1.44,11.51,0.89,37.33,2.62,19.50,2.57,,,,,,
gfx1151-Qwen3.6-27B-Q6_K-MTP,pp2048,d0,4,192.67,9.89,58.45,13.06,,,,,32538.29,6121.21,32213.01,6121.21,32538.29,6121.21
gfx1151-Qwen3.6-27B-Q6_K-MTP,tg128,d0,4,14.71,0.42,5.26,1.02,59.00,13.59,16.08,3.17,,,,,,
gfx1151-Qwen3.6-27B-Q6_K-MTP,tg128,d8192,1,3.39,0.28,3.39,0.28,35.33,0.47,35.33,0.47,,,,,,
gfx1151-Qwen3.6-27B-Q6_K-MTP,pp2048,d8192,2,175.95,0.28,97.79,9.05,,,,,88819.31,8707.84,88494.04,8707.84,88819.31,8707.84
gfx1151-Qwen3.6-27B-Q6_K-MTP,tg128,d8192,2,9.31,0.62,8.03,3.37,27.00,0.00,16.00,1.15,,,,,,
gfx1151-Qwen3.6-27B-Q6_K-MTP,pp2048,d8192,4,229840.85,5314.78,,,,,,,147.64,8.51,0.00,0.00,147.64,8.51
gfx1151-Qwen3.6-27B-Q6_K-MTP,tg128,d8192,4,4.66,0.36,1.17,0.10,140.00,0.00,35.25,0.83,,,,,,
gfx1151-Qwen3.6-27B-Q6_K-MTP,tg128,d16384,1,2.26,0.11,2.26,0.11,36.00,1.41,36.00,1.41,,,,,,
gfx1151-Qwen3.6-27B-Q6_K-MTP,pp2048,d16384,2,136085.10,96510.64,104.75,24.14,,,,,52836.46,77382.39,52630.84,77300.91,52836.46,77382.39
gfx1151-Qwen3.6-27B-Q6_K-MTP,tg128,d16384,2,2.70,0.43,2.95,3.69,56.33,19.33,29.67,9.96,,,,,,
gfx1151-Qwen3.6-27B-Q6_K-MTP,pp2048,d16384,4,159.24,0.33,70.94,33.55,,,,,263759.07,99758.30,263433.79,99758.30,263759.07,99758.30
gfx1151-Qwen3.6-27B-Q6_K-MTP,tg128,d16384,4,1.91,0.01,2.34,2.49,32.00,2.45,11.83,4.04,,,,,,
gfx1151-Qwen3.6-27B-Q8_0,pp2048,d0,1,293.26,7.43,293.26,7.43,,,,,8202.59,408.53,6255.75,408.53,8202.59,408.53
gfx1151-Qwen3.6-27B-Q8_0,tg128,d0,1,8.27,0.09,8.27,0.09,11.33,0.47,11.33,0.47,,,,,,
gfx1151-Qwen3.6-27B-Q8_0,pp2048,d0,2,216.15,3.86,123.55,2.81,,,,,16692.34,335.64,14745.49,335.64,16692.34,335.64
gfx1151-Qwen3.6-27B-Q8_0,tg128,d0,2,15.84,0.77,8.02,0.58,22.67,0.94,12.17,1.86,,,,,,
gfx1151-Qwen3.6-27B-Q8_0,pp2048,d0,4,202.40,0.97,58.42,5.22,,,,,34097.18,3072.34,32150.33,3072.34,34097.18,3072.34
gfx1151-Qwen3.6-27B-Q8_0,tg128,d0,4,20.94,0.19,6.46,0.88,40.00,2.16,11.58,2.25,,,,,,
gfx1151-Qwen3.6-27B-Q8_0,pp2048,d8192,1,230.17,1.17,230.17,1.17,,,,,41707.68,906.97,39760.84,906.97,41707.68,906.97
gfx1151-Qwen3.6-27B-Q8_0,tg128,d8192,1,8.10,0.07,8.10,0.07,11.67,0.94,11.67,0.94,,,,,,
gfx1151-Qwen3.6-27B-Q8_0,pp2048,d8192,2,220.49,0.26,131.31,18.59,,,,,74464.04,10194.16,72517.20,10194.16,74464.04,10194.16
gfx1151-Qwen3.6-27B-Q8_0,tg128,d8192,2,7.10,0.10,5.56,1.97,19.33,0.47,10.17,0.37,,,,,,
gfx1151-Qwen3.6-27B-Q8_0,pp2048,d8192,4,220.77,0.02,89.83,35.76,,,,,120393.21,39937.72,118446.36,39937.72,120393.21,39937.72
gfx1151-Qwen3.6-27B-Q8_0,tg128,d8192,4,4.37,0.10,3.11,2.13,34.00,1.63,10.17,2.03,,,,,,
gfx1151-Qwen3.6-27B-Q8_0,pp2048,d16384,1,216.78,0.23,216.78,0.23,,,,,79314.07,328.20,77367.22,328.20,79314.07,328.20
gfx1151-Qwen3.6-27B-Q8_0,tg128,d16384,1,8.13,0.23,8.13,0.23,11.33,0.47,11.33,0.47,,,,,,
gfx1151-Qwen3.6-27B-Q8_0,pp2048,d16384,2,212.07,0.21,143.09,35.16,,,,,126286.13,31180.44,124339.29,31180.44,126286.13,31180.44
gfx1151-Qwen3.6-27B-Q8_0,tg128,d16384,2,3.39,0.02,4.49,2.77,18.00,0.82,10.17,0.37,,,,,,
gfx1151-Qwen3.6-27B-Q8_0,pp2048,d16384,4,210.30,0.13,95.80,46.84,,,,,215211.22,82556.34,213264.37,82556.34,215211.22,82556.34
gfx1151-Qwen3.6-27B-Q8_0,tg128,d16384,4,2.28,0.03,2.24,2.09,30.33,1.25,8.67,1.11,,,,,,
gfx1151-Qwen3.6-27B-UD-Q4_K_XL,pp2048,d0,1,357.36,2.60,357.36,2.60,,,,,7066.19,45.15,5143.90,45.15,7066.19,45.15
gfx1151-Qwen3.6-27B-UD-Q4_K_XL,tg128,d0,1,13.35,0.52,13.35,0.52,18.33,3.40,18.33,3.40,,,,,,
gfx1151-Qwen3.6-27B-UD-Q4_K_XL,pp2048,d0,2,253.76,1.48,147.01,2.28,,,,,14804.40,122.24,12882.11,122.24,14804.40,122.24
gfx1151-Qwen3.6-27B-UD-Q4_K_XL,tg128,d0,2,22.28,0.24,11.27,0.16,29.33,1.89,14.67,1.11,,,,,,
gfx1151-Qwen3.6-27B-UD-Q4_K_XL,pp2048,d0,4,238.12,1.28,69.20,7.37,,,,,28764.67,2366.13,26842.38,2366.13,28764.67,2366.13
gfx1151-Qwen3.6-27B-UD-Q4_K_XL,tg128,d0,4,27.38,0.05,8.56,1.33,61.67,13.89,16.33,3.32,,,,,,
gfx1151-Qwen3.6-27B-UD-Q4_K_XL,pp2048,d8192,1,268.14,0.77,268.14,0.77,,,,,36646.06,359.97,34723.77,359.97,36646.06,359.97
gfx1151-Qwen3.6-27B-UD-Q4_K_XL,tg128,d8192,1,12.22,0.10,12.22,0.10,15.33,0.47,15.33,0.47,,,,,,
gfx1151-Qwen3.6-27B-UD-Q4_K_XL,pp2048,d8192,2,254.32,0.25,152.41,22.65,,,,,64513.25,8920.42,62590.96,8920.42,64513.25,8920.42
gfx1151-Qwen3.6-27B-UD-Q4_K_XL,tg128,d8192,2,9.05,0.02,7.70,3.10,26.67,0.47,14.00,0.58,,,,,,
gfx1151-Qwen3.6-27B-UD-Q4_K_XL,pp2048,d8192,4,252.96,0.38,103.86,41.30,,,,,105185.45,35256.84,103263.16,35256.84,105185.45,35256.84
gfx1151-Qwen3.6-27B-UD-Q4_K_XL,tg128,d8192,4,5.13,0.03,3.83,2.72,41.67,1.89,11.75,0.60,,,,,,
gfx1151-Qwen3.6-27B-UD-Q4_K_XL,pp2048,d16384,1,249.00,0.40,249.00,0.40,,,,,69209.40,529.36,67287.11,529.36,69209.40,529.36
gfx1151-Qwen3.6-27B-UD-Q4_K_XL,tg128,d16384,1,12.23,0.19,12.23,0.19,16.33,1.25,16.33,1.25,,,,,,
gfx1151-Qwen3.6-27B-UD-Q4_K_XL,pp2048,d16384,2,241.26,0.45,163.03,40.71,,,,,110270.28,27068.73,108347.99,27068.73,110270.28,27068.73
gfx1151-Qwen3.6-27B-UD-Q4_K_XL,tg128,d16384,2,4.07,0.13,6.17,4.11,25.33,1.25,13.17,0.37,,,,,,
gfx1151-Qwen3.6-27B-UD-Q4_K_XL,pp2048,d16384,4,238.67,0.13,110.94,54.91,,,,,186800.25,73902.39,184877.96,73902.39,186800.25,73902.39
gfx1151-Qwen3.6-27B-UD-Q4_K_XL,tg128,d16384,4,2.62,0.05,2.83,2.80,35.67,0.47,10.42,1.38,,,,,,
gfx1151-Qwen3.6-27B-UD-Q5_K_XL,pp2048,d0,1,266.11,4.11,266.11,4.11,,,,,8828.44,289.64,6921.01,289.64,8828.44,289.64
gfx1151-Qwen3.6-27B-UD-Q5_K_XL,tg128,d0,1,11.43,0.61,11.43,0.61,14.67,0.94,14.67,0.94,,,,,,
gfx1151-Qwen3.6-27B-UD-Q5_K_XL,pp2048,d0,2,124.66,0.43,166.89,98.60,,,,,19590.21,10753.94,17682.78,10753.94,19590.21,10753.94
gfx1151-Qwen3.6-27B-UD-Q5_K_XL,tg128,d0,2,8.38,0.25,11.61,0.64,17.33,3.40,15.83,2.85,,,,,,
gfx1151-Qwen3.6-27B-UD-Q5_K_XL,pp2048,d0,4,102.39,0.28,98.31,96.29,,,,,40589.04,23635.91,38681.61,23635.91,40589.04,23635.91
gfx1151-Qwen3.6-27B-UD-Q5_K_XL,tg128,d0,4,7.47,0.20,11.63,0.66,18.67,2.36,16.42,2.50,,,,,,
gfx1151-Qwen3.6-27B-UD-Q5_K_XL,pp2048,d8192,1,213.60,0.21,213.60,0.21,,,,,45285.20,52.08,43377.77,52.08,45285.20,52.08
gfx1151-Qwen3.6-27B-UD-Q5_K_XL,tg128,d8192,1,11.09,0.36,11.09,0.36,15.33,1.89,15.33,1.89,,,,,,
gfx1151-Qwen3.6-27B-UD-Q5_K_XL,pp2048,d8192,2,180.56,0.31,152.90,60.71,,,,,74499.13,28966.66,72591.70,28966.66,74499.13,28966.66
gfx1151-Qwen3.6-27B-UD-Q5_K_XL,tg128,d8192,2,3.88,0.02,11.02,0.10,14.67,0.47,14.33,0.47,,,,,,
gfx1151-Qwen3.6-27B-UD-Q5_K_XL,pp2048,d8192,4,170.38,0.17,101.85,67.00,,,,,132247.56,64665.38,130340.13,64665.38,132247.56,64665.38
gfx1151-Qwen3.6-27B-UD-Q5_K_XL,tg128,d8192,4,2.97,0.03,11.18,0.20,15.33,0.47,14.58,0.64,,,,,,
gfx1151-Qwen3.6-27B-UD-Q5_K_XL,pp2048,d16384,1,201.06,0.22,201.06,0.22,,,,,85766.38,386.10,83858.95,386.10,85766.38,386.10
gfx1151-Qwen3.6-27B-UD-Q5_K_XL,tg128,d16384,1,11.04,0.41,11.04,0.41,14.00,0.00,14.00,0.00,,,,,,
gfx1151-Qwen3.6-27B-UD-Q5_K_XL,pp2048,d16384,2,183.38,0.09,147.40,54.35,,,,,133175.45,48884.26,131268.02,48884.26,133175.45,48884.26
gfx1151-Qwen3.6-27B-UD-Q5_K_XL,tg128,d16384,2,2.52,0.02,11.06,0.11,15.67,0.94,15.17,1.07,,,,,,
gfx1151-Qwen3.6-27B-UD-Q5_K_XL,pp2048,d16384,4,177.28,0.08,99.70,61.25,,,,,230777.49,108800.13,228870.06,108800.13,230777.49,108800.13
gfx1151-Qwen3.6-27B-UD-Q5_K_XL,tg128,d16384,4,1.82,0.02,11.02,0.22,16.33,2.05,14.75,1.42,,,,,,
gfx1151-Qwen3.6-27B-UD-Q6_K_XL,pp2048,d0,1,200.70,2.81,200.70,2.81,,,,,11047.83,344.62,9190.53,344.62,11047.83,344.62
gfx1151-Qwen3.6-27B-UD-Q6_K_XL,tg128,d0,1,9.36,0.66,9.36,0.66,17.33,3.68,17.33,3.68,,,,,,
gfx1151-Qwen3.6-27B-UD-Q6_K_XL,pp2048,d0,2,96.96,0.97,124.19,72.35,,,,,24702.69,13570.57,22845.39,13570.57,24702.69,13570.57
gfx1151-Qwen3.6-27B-UD-Q6_K_XL,tg128,d0,2,6.43,0.10,8.70,0.20,12.33,0.47,12.00,0.58,,,,,,
gfx1151-Qwen3.6-27B-UD-Q6_K_XL,pp2048,d0,4,80.24,0.48,75.37,73.46,,,,,51541.36,30241.99,49684.06,30241.99,51541.36,30241.99
gfx1151-Qwen3.6-27B-UD-Q6_K_XL,tg128,d0,4,5.89,0.31,8.99,0.57,15.67,1.25,13.92,2.02,,,,,,
gfx1151-Qwen3.6-27B-UD-Q6_K_XL,pp2048,d8192,1,171.08,0.19,171.08,0.19,,,,,55496.71,497.15,53639.41,497.15,55496.71,497.15
gfx1151-Qwen3.6-27B-UD-Q6_K_XL,tg128,d8192,1,8.26,0.18,8.26,0.18,11.00,0.00,11.00,0.00,,,,,,
gfx1151-Qwen3.6-27B-UD-Q6_K_XL,pp2048,d8192,2,144.90,0.15,122.58,48.81,,,,,91540.80,35968.64,89683.51,35968.64,91540.80,35968.64
gfx1151-Qwen3.6-27B-UD-Q6_K_XL,tg128,d8192,2,3.12,0.02,8.53,0.06,11.33,0.47,11.17,0.37,,,,,,
gfx1151-Qwen3.6-27B-UD-Q6_K_XL,pp2048,d8192,4,136.27,0.03,81.60,53.46,,,,,163862.38,80953.05,162005.08,80953.05,163862.38,80953.05
gfx1151-Qwen3.6-27B-UD-Q6_K_XL,tg128,d8192,4,2.36,0.01,8.57,0.13,12.00,0.82,11.25,0.60,,,,,,
gfx1151-Qwen3.6-27B-UD-Q6_K_XL,pp2048,d16384,1,163.78,0.24,163.78,0.24,,,,,103622.54,370.01,101765.25,370.01,103622.54,370.01
gfx1151-Qwen3.6-27B-UD-Q6_K_XL,tg128,d16384,1,8.44,0.20,8.44,0.20,11.33,0.47,11.33,0.47,,,,,,
gfx1151-Qwen3.6-27B-UD-Q6_K_XL,pp2048,d16384,2,148.84,0.03,119.59,43.89,,,,,163360.10,60516.93,161502.81,60516.93,163360.10,60516.93
gfx1151-Qwen3.6-27B-UD-Q6_K_XL,tg128,d16384,2,2.00,0.02,8.43,0.16,11.67,0.47,11.33,0.47,,,,,,
gfx1151-Qwen3.6-27B-UD-Q6_K_XL,pp2048,d16384,4,143.72,0.09,80.93,49.70,,,,,284384.19,134746.37,282526.90,134746.37,284384.19,134746.37
gfx1151-Qwen3.6-27B-UD-Q6_K_XL,tg128,d16384,4,1.46,0.01,8.48,0.19,11.67,0.47,11.17,0.37,,,,,,
gfx1151-Qwen3.6-35B-A3B-BF16,pp2048,d0,1,651.22,19.01,651.22,19.01,,,,,7103.89,70.87,2818.79,70.87,7103.89,70.87
gfx1151-Qwen3.6-35B-A3B-BF16,tg128,d0,1,12.24,0.60,12.24,0.60,17.67,2.62,17.67,2.62,,,,,,
gfx1151-Qwen3.6-35B-A3B-BF16,pp2048,d0,2,243.89,9.81,172.79,13.25,,,,,15023.86,931.68,10738.76,931.68,15023.86,931.68
gfx1151-Qwen3.6-35B-A3B-BF16,tg128,d0,2,12.76,1.72,6.43,0.91,20.67,3.68,11.17,3.29,,,,,,
gfx1151-Qwen3.6-35B-A3B-BF16,pp2048,d0,4,217.25,4.46,69.39,7.97,,,,,31250.75,3058.04,26965.65,3058.04,31250.75,3058.04
gfx1151-Qwen3.6-35B-A3B-BF16,tg128,d0,4,10.74,0.34,2.96,0.20,28.00,2.94,8.00,1.00,,,,,,
gfx1151-Qwen3.6-35B-A3B-BF16,pp2048,d8192,1,319.46,2.17,319.46,2.17,,,,,33188.17,436.87,28903.07,436.87,33188.17,436.87
gfx1151-Qwen3.6-35B-A3B-BF16,tg128,d8192,1,11.28,0.10,11.28,0.10,14.00,0.00,14.00,0.00,,,,,,
gfx1151-Qwen3.6-35B-A3B-BF16,pp2048,d8192,2,270.78,1.79,168.92,24.76,,,,,60268.45,8133.75,55983.35,8133.75,60268.45,8133.75
gfx1151-Qwen3.6-35B-A3B-BF16,tg128,d8192,2,8.00,0.18,5.82,1.82,21.00,0.00,11.17,0.37,,,,,,
gfx1151-Qwen3.6-35B-A3B-BF16,pp2048,d8192,4,262.78,0.34,112.63,47.66,,,,,100400.88,34306.97,96115.78,34306.97,100400.88,34306.97
gfx1151-Qwen3.6-35B-A3B-BF16,tg128,d8192,4,4.19,0.02,1.99,0.83,23.00,2.16,7.42,1.44,,,,,,
gfx1151-Qwen3.6-35B-A3B-BF16,pp2048,d16384,1,297.21,1.34,297.21,1.34,,,,,60728.89,135.93,56443.79,135.93,60728.89,135.93
gfx1151-Qwen3.6-35B-A3B-BF16,tg128,d16384,1,11.43,0.23,11.43,0.23,15.67,1.70,15.67,1.70,,,,,,
gfx1151-Qwen3.6-35B-A3B-BF16,pp2048,d16384,2,271.24,0.71,188.93,47.65,,,,,99049.13,24395.89,94764.04,24395.89,99049.13,24395.89
gfx1151-Qwen3.6-35B-A3B-BF16,tg128,d16384,2,4.08,0.05,4.76,2.68,19.00,0.00,10.67,0.47,,,,,,
gfx1151-Qwen3.6-35B-A3B-BF16,pp2048,d16384,4,264.69,1.24,124.99,62.57,,,,,169133.71,65842.30,164848.61,65842.30,169133.71,65842.30
gfx1151-Qwen3.6-35B-A3B-BF16,tg128,d16384,4,2.56,0.04,1.64,1.08,24.00,3.74,8.58,2.18,,,,,,
gfx1151-Qwen3.6-35B-A3B-MTP-BF16,pp2048,d0,1,240.36,2.40,240.36,2.40,,,,,8324.47,123.12,7904.58,123.12,8324.47,123.12
gfx1151-Qwen3.6-35B-A3B-MTP-BF16,tg128,d0,1,12.37,0.64,12.37,0.64,20.67,1.70,20.67,1.70,,,,,,
gfx1151-Qwen3.6-35B-A3B-MTP-BF16,pp2048,d0,2,212.51,1.07,110.96,3.57,,,,,17025.78,452.45,16605.90,452.45,17025.78,452.45
gfx1151-Qwen3.6-35B-A3B-MTP-BF16,tg128,d0,2,11.71,1.03,6.05,0.54,26.00,1.63,14.33,2.21,,,,,,
gfx1151-Qwen3.6-35B-A3B-MTP-BF16,pp2048,d0,4,209.10,2.22,58.77,6.05,,,,,32487.84,3098.84,32067.95,3098.84,32487.84,3098.84
gfx1151-Qwen3.6-35B-A3B-MTP-BF16,tg128,d0,4,11.42,0.34,3.33,0.42,37.67,0.94,11.83,2.23,,,,,,
gfx1151-Qwen3.6-35B-A3B-MTP-BF16,pp2048,d8192,1,243.75,1.44,243.75,1.44,,,,,38663.49,367.92,38243.60,367.92,38663.49,367.92
gfx1151-Qwen3.6-35B-A3B-MTP-BF16,tg128,d8192,1,13.23,0.64,13.23,0.64,21.33,0.94,21.33,0.94,,,,,,
gfx1151-Qwen3.6-35B-A3B-MTP-BF16,pp2048,d8192,2,238.99,1.92,140.71,20.66,,,,,68108.74,9906.44,67688.86,9906.44,68108.74,9906.44
gfx1151-Qwen3.6-35B-A3B-MTP-BF16,tg128,d8192,2,6.70,0.33,4.99,1.63,23.00,0.82,13.50,2.06,,,,,,
gfx1151-Qwen3.6-35B-A3B-MTP-BF16,pp2048,d8192,4,229.64,0.63,94.79,38.88,,,,,113403.46,39540.10,112983.58,39540.10,113403.46,39540.10
gfx1151-Qwen3.6-35B-A3B-MTP-BF16,tg128,d8192,4,4.07,0.05,2.31,1.18,34.00,0.82,11.83,3.89,,,,,,
gfx1151-Qwen3.6-35B-A3B-MTP-BF16,pp2048,d16384,1,245.33,1.47,245.33,1.47,,,,,68094.88,587.60,67674.99,587.60,68094.88,587.60
gfx1151-Qwen3.6-35B-A3B-MTP-BF16,tg128,d16384,1,12.71,0.74,12.71,0.74,19.67,0.47,19.67,0.47,,,,,,
gfx1151-Qwen3.6-35B-A3B-MTP-BF16,pp2048,d16384,2,236.94,0.06,158.89,39.90,,,,,112484.85,28291.20,112064.96,28291.20,112484.85,28291.20
gfx1151-Qwen3.6-35B-A3B-MTP-BF16,tg128,d16384,2,3.68,0.13,4.65,2.78,25.33,0.47,15.50,2.50,,,,,,
gfx1151-Qwen3.6-35B-A3B-MTP-BF16,pp2048,d16384,4,228.95,0.80,106.60,54.55,,,,,194412.23,77552.73,193992.35,77552.73,194412.23,77552.73
gfx1151-Qwen3.6-35B-A3B-MTP-BF16,tg128,d16384,4,2.34,0.03,2.02,1.69,31.33,2.62,11.58,4.19,,,,,,
gfx1151-Qwen3.6-35B-A3B-Q8_0,tg128,d0,1,64.94,6.58,64.94,6.58,72.00,9.27,72.00,9.27,,,,,,
gfx1151-Qwen3.6-35B-A3B-Q8_0,pp2048,d0,2,904.10,9.72,1158.76,68.45,,,,,4102.88,94.01,1618.32,94.01,4102.88,94.01
gfx1151-Qwen3.6-35B-A3B-Q8_0,tg128,d0,2,64.02,14.01,32.27,7.18,72.00,14.72,37.17,7.90,,,,,,
gfx1151-Qwen3.6-35B-A3B-Q8_0,pp2048,d0,4,840.22,10.11,330.07,38.59,,,,,8196.07,727.87,5711.51,727.87,8196.07,727.87
gfx1151-Qwen3.6-35B-A3B-Q8_0,tg128,d0,4,82.69,1.73,25.32,3.36,127.67,7.04,32.75,3.17,,,,,,
gfx1151-Qwen3.6-35B-A3B-Q8_0,pp2048,d8192,1,1244.12,11.32,1244.12,11.32,,,,,9972.53,84.30,7487.97,84.30,9972.53,84.30
gfx1151-Qwen3.6-35B-A3B-Q8_0,tg128,d8192,1,54.74,1.36,54.74,1.36,56.67,0.94,56.67,0.94,,,,,,
gfx1151-Qwen3.6-35B-A3B-Q8_0,pp2048,d8192,2,920.46,2.69,622.79,99.00,,,,,17623.21,2359.27,15138.65,2359.27,17623.21,2359.27
gfx1151-Qwen3.6-35B-A3B-Q8_0,tg128,d8192,2,32.78,1.12,27.13,10.71,84.00,2.94,42.33,1.97,,,,,,
gfx1151-Qwen3.6-35B-A3B-Q8_0,pp2048,d8192,4,906.93,3.11,412.99,183.88,,,,,29240.51,9883.63,26755.95,9883.63,29240.51,9883.63
gfx1151-Qwen3.6-35B-A3B-Q8_0,tg128,d8192,4,18.03,0.08,12.72,8.65,112.00,4.24,30.08,1.61,,,,,,
gfx1151-Qwen3.6-35B-A3B-Q8_0,pp2048,d16384,1,1023.51,4.85,1023.51,4.85,,,,,18721.21,60.91,16236.65,60.91,18721.21,60.91
gfx1151-Qwen3.6-35B-A3B-Q8_0,tg128,d16384,1,51.28,0.67,51.28,0.67,54.33,0.94,54.33,0.94,,,,,,
gfx1151-Qwen3.6-35B-A3B-Q8_0,pp2048,d16384,2,875.05,2.02,644.69,175.55,,,,,30607.83,7735.25,28123.27,7735.25,30607.83,7735.25
gfx1151-Qwen3.6-35B-A3B-Q8_0,tg128,d16384,2,14.56,0.43,22.88,15.59,82.00,2.16,41.33,1.89,,,,,,
gfx1151-Qwen3.6-35B-A3B-Q8_0,pp2048,d16384,4,867.14,2.42,416.93,211.82,,,,,52274.78,19925.09,49790.22,19925.09,52274.78,19925.09
gfx1151-Qwen3.6-35B-A3B-Q8_0,tg128,d16384,4,9.49,0.15,9.57,9.15,103.67,1.89,29.08,2.81,,,,,,
gfx1151-Qwen3.6-35B-A3B-UD-IQ1_M,pp2048,d0,1,1090.35,11.62,1090.35,11.62,,,,,1880.73,25.64,1718.86,25.64,1880.73,25.64
gfx1151-Qwen3.6-35B-A3B-UD-IQ1_M,tg128,d0,1,79.65,6.98,79.65,6.98,86.33,0.47,86.33,0.47,,,,,,
gfx1151-Qwen3.6-35B-A3B-UD-IQ1_M,pp2048,d0,2,915.78,9.67,481.20,6.25,,,,,4057.13,38.25,3895.26,38.25,4057.13,38.25
gfx1151-Qwen3.6-35B-A3B-UD-IQ1_M,tg128,d0,2,122.59,1.82,62.27,1.63,130.67,1.25,65.67,1.37,,,,,,
gfx1151-Qwen3.6-35B-A3B-UD-IQ1_M,pp2048,d0,4,864.24,1.42,238.55,19.77,,,,,8016.07,660.01,7854.20,660.01,8016.07,660.01
gfx1151-Qwen3.6-35B-A3B-UD-IQ1_M,tg128,d0,4,107.63,2.31,34.80,5.12,168.00,2.16,43.25,1.96,,,,,,
gfx1151-Qwen3.6-35B-A3B-UD-IQ1_M,pp2048,d8192,1,1021.79,6.90,1021.79,6.90,,,,,9259.22,44.98,9097.35,44.98,9259.22,44.98
gfx1151-Qwen3.6-35B-A3B-UD-IQ1_M,tg128,d8192,1,79.49,2.75,79.49,2.75,83.33,3.68,83.33,3.68,,,,,,
gfx1151-Qwen3.6-35B-A3B-UD-IQ1_M,pp2048,d8192,2,970.48,2.66,570.27,82.19,,,,,16833.69,2366.22,16671.83,2366.22,16833.69,2366.22
gfx1151-Qwen3.6-35B-A3B-UD-IQ1_M,tg128,d8192,2,38.03,1.16,37.87,18.94,116.33,1.70,58.67,1.11,,,,,,
gfx1151-Qwen3.6-35B-A3B-UD-IQ1_M,pp2048,d8192,4,945.78,0.57,374.69,150.15,,,,,28573.35,9228.13,28411.48,9228.13,28573.35,9228.13
gfx1151-Qwen3.6-35B-A3B-UD-IQ1_M,tg128,d8192,4,19.61,0.17,15.83,11.66,142.33,0.94,38.08,2.81,,,,,,
gfx1151-Qwen3.6-35B-A3B-UD-IQ1_M,pp2048,d16384,1,961.61,2.29,961.61,2.29,,,,,17435.36,128.00,17273.49,128.00,17435.36,128.00
gfx1151-Qwen3.6-35B-A3B-UD-IQ1_M,tg128,d16384,1,76.71,0.44,76.71,0.44,79.67,0.47,79.67,0.47,,,,,,
gfx1151-Qwen3.6-35B-A3B-UD-IQ1_M,pp2048,d16384,2,929.12,1.64,586.08,115.89,,,,,29672.55,6049.85,29510.68,6049.85,29672.55,6049.85
gfx1151-Qwen3.6-35B-A3B-UD-IQ1_M,tg128,d16384,2,18.67,0.18,30.91,21.47,109.00,0.82,55.00,0.82,,,,,,
gfx1151-Qwen3.6-35B-A3B-UD-IQ1_M,pp2048,d16384,4,907.50,2.05,397.73,179.41,,,,,49908.09,18552.41,49746.22,18552.41,49908.09,18552.41
gfx1151-Qwen3.6-35B-A3B-UD-IQ1_M,tg128,d16384,4,10.30,0.13,11.34,11.45,121.33,1.25,34.00,2.97,,,,,,
gfx1151-Qwen3.6-35B-A3B-UD-Q2_K_XL,pp2048,d0,1,1058.79,15.44,1058.79,15.44,,,,,1916.15,6.70,1785.94,6.70,1916.15,6.70
gfx1151-Qwen3.6-35B-A3B-UD-Q2_K_XL,tg128,d0,1,82.17,2.92,82.17,2.92,84.00,2.16,84.00,2.16,,,,,,
gfx1151-Qwen3.6-35B-A3B-UD-Q2_K_XL,pp2048,d0,2,918.04,1.42,478.31,6.73,,,,,4094.06,46.87,3963.85,46.87,4094.06,46.87
gfx1151-Qwen3.6-35B-A3B-UD-Q2_K_XL,tg128,d0,2,119.24,1.50,60.51,1.66,128.67,1.89,64.50,1.71,,,,,,
gfx1151-Qwen3.6-35B-A3B-UD-Q2_K_XL,pp2048,d0,4,855.02,6.16,235.51,24.11,,,,,8032.76,666.75,7902.56,666.75,8032.76,666.75
gfx1151-Qwen3.6-35B-A3B-UD-Q2_K_XL,tg128,d0,4,103.60,2.70,33.18,4.81,160.33,0.94,40.83,1.52,,,,,,
gfx1151-Qwen3.6-35B-A3B-UD-Q2_K_XL,pp2048,d8192,1,988.20,3.01,988.20,3.01,,,,,9419.82,42.78,9289.61,42.78,9419.82,42.78
gfx1151-Qwen3.6-35B-A3B-UD-Q2_K_XL,tg128,d8192,1,78.61,0.68,78.61,0.68,82.33,0.47,82.33,0.47,,,,,,
gfx1151-Qwen3.6-35B-A3B-UD-Q2_K_XL,pp2048,d8192,2,946.69,4.31,553.24,74.09,,,,,17273.41,2412.27,17143.21,2412.27,17273.41,2412.27
gfx1151-Qwen3.6-35B-A3B-UD-Q2_K_XL,tg128,d8192,2,37.90,2.20,36.99,17.83,114.00,0.82,57.83,1.46,,,,,,
gfx1151-Qwen3.6-35B-A3B-UD-Q2_K_XL,pp2048,d8192,4,922.33,2.11,363.27,145.83,,,,,29237.50,9406.49,29107.29,9406.49,29237.50,9406.49
gfx1151-Qwen3.6-35B-A3B-UD-Q2_K_XL,tg128,d8192,4,19.25,0.26,15.53,11.17,146.00,4.55,37.83,2.94,,,,,,
gfx1151-Qwen3.6-35B-A3B-UD-Q2_K_XL,pp2048,d16384,1,936.04,2.65,936.04,2.65,,,,,18112.66,166.33,17982.45,166.33,18112.66,166.33
gfx1151-Qwen3.6-35B-A3B-UD-Q2_K_XL,tg128,d16384,1,75.00,0.64,75.00,0.64,79.67,0.47,79.67,0.47,,,,,,
gfx1151-Qwen3.6-35B-A3B-UD-Q2_K_XL,pp2048,d16384,2,910.90,1.72,576.58,119.53,,,,,30446.34,6285.50,30316.13,6285.50,30446.34,6285.50
gfx1151-Qwen3.6-35B-A3B-UD-Q2_K_XL,tg128,d16384,2,17.91,0.26,29.82,20.82,104.33,1.25,52.50,1.12,,,,,,
gfx1151-Qwen3.6-35B-A3B-UD-Q2_K_XL,pp2048,d16384,4,886.46,2.48,390.52,178.83,,,,,51240.21,19101.14,51110.01,19101.14,51240.21,19101.14
gfx1151-Qwen3.6-35B-A3B-UD-Q2_K_XL,tg128,d16384,4,9.97,0.06,11.07,11.32,121.33,2.05,33.25,3.06,,,,,,
gfx1151-Qwen3.6-35B-A3B-UD-Q3_K_XL,pp2048,d0,1,1002.58,12.84,1002.58,12.84,,,,,1939.44,23.62,1806.52,23.62,1939.44,23.62
gfx1151-Qwen3.6-35B-A3B-UD-Q3_K_XL,tg128,d0,1,66.15,0.26,66.15,0.26,68.00,0.82,68.00,0.82,,,,,,
gfx1151-Qwen3.6-35B-A3B-UD-Q3_K_XL,pp2048,d0,2,874.17,5.88,455.51,3.95,,,,,4233.87,45.94,4100.96,45.94,4233.87,45.94
gfx1151-Qwen3.6-35B-A3B-UD-Q3_K_XL,tg128,d0,2,101.73,2.20,51.63,2.19,110.67,1.89,56.33,3.14,,,,,,
gfx1151-Qwen3.6-35B-A3B-UD-Q3_K_XL,pp2048,d0,4,808.90,8.19,222.44,21.34,,,,,8528.85,699.08,8395.93,699.08,8528.85,699.08
gfx1151-Qwen3.6-35B-A3B-UD-Q3_K_XL,tg128,d0,4,95.94,1.72,30.26,4.20,145.00,0.82,37.50,2.18,,,,,,
gfx1151-Qwen3.6-35B-A3B-UD-Q3_K_XL,pp2048,d8192,1,947.11,4.15,947.11,4.15,,,,,9960.77,19.50,9827.86,19.50,9960.77,19.50
gfx1151-Qwen3.6-35B-A3B-UD-Q3_K_XL,tg128,d8192,1,63.13,0.41,63.13,0.41,66.00,0.82,66.00,0.82,,,,,,
gfx1151-Qwen3.6-35B-A3B-UD-Q3_K_XL,pp2048,d8192,2,908.77,1.76,533.35,76.75,,,,,18063.72,2553.39,17930.80,2553.39,18063.72,2553.39
gfx1151-Qwen3.6-35B-A3B-UD-Q3_K_XL,tg128,d8192,2,34.29,0.52,32.10,14.73,98.00,0.82,49.67,0.94,,,,,,
gfx1151-Qwen3.6-35B-A3B-UD-Q3_K_XL,pp2048,d8192,4,891.68,1.48,352.45,141.65,,,,,30341.14,9773.60,30208.22,9773.60,30341.14,9773.60
gfx1151-Qwen3.6-35B-A3B-UD-Q3_K_XL,tg128,d8192,4,17.84,0.22,13.42,9.31,121.00,1.41,31.17,0.99,,,,,,
gfx1151-Qwen3.6-35B-A3B-UD-Q3_K_XL,pp2048,d16384,1,900.93,3.09,900.93,3.09,,,,,18581.81,180.39,18448.89,180.39,18581.81,180.39
gfx1151-Qwen3.6-35B-A3B-UD-Q3_K_XL,tg128,d16384,1,61.15,0.76,61.15,0.76,65.00,0.82,65.00,0.82,,,,,,
gfx1151-Qwen3.6-35B-A3B-UD-Q3_K_XL,pp2048,d16384,2,878.63,5.46,554.24,114.48,,,,,31499.36,6410.92,31366.45,6410.92,31499.36,6410.92
gfx1151-Qwen3.6-35B-A3B-UD-Q3_K_XL,tg128,d16384,2,17.30,0.26,26.20,17.46,89.67,0.47,46.00,1.29,,,,,,
gfx1151-Qwen3.6-35B-A3B-UD-Q3_K_XL,pp2048,d16384,4,859.71,0.99,377.92,172.09,,,,,52877.41,19665.14,52744.49,19665.14,52877.41,19665.14
gfx1151-Qwen3.6-35B-A3B-UD-Q3_K_XL,tg128,d16384,4,9.60,0.10,10.13,10.02,107.33,0.94,30.17,3.65,,,,,,
gfx1151-Qwen3.6-35B-A3B-UD-Q5_K_XL,pp2048,d0,1,4143.26,212.32,4143.26,212.32,,,,,2082.15,29.90,443.93,29.90,2082.15,29.90
gfx1151-Qwen3.6-35B-A3B-UD-Q5_K_XL,tg128,d0,1,60.69,1.79,60.69,1.79,64.00,2.94,64.00,2.94,,,,,,
gfx1151-Qwen3.6-35B-A3B-UD-Q5_K_XL,pp2048,d0,2,811.52,4.89,640.78,9.72,,,,,4542.77,110.18,2904.56,110.18,4542.77,110.18
gfx1151-Qwen3.6-35B-A3B-UD-Q5_K_XL,tg128,d0,2,89.51,1.36,45.37,1.54,98.67,1.25,50.17,2.85,,,,,,
gfx1151-Qwen3.6-35B-A3B-UD-Q5_K_XL,pp2048,d0,4,742.13,3.33,244.35,25.13,,,,,9376.42,795.19,7738.20,795.19,9376.42,795.19
gfx1151-Qwen3.6-35B-A3B-UD-Q5_K_XL,tg128,d0,4,82.85,2.50,26.11,3.65,130.33,0.47,33.25,1.74,,,,,,
gfx1151-Qwen3.6-35B-A3B-UD-Q5_K_XL,pp2048,d8192,1,1006.93,5.40,1006.93,5.40,,,,,10982.35,82.99,9344.14,82.99,10982.35,82.99
gfx1151-Qwen3.6-35B-A3B-UD-Q5_K_XL,tg128,d8192,1,56.99,0.24,56.99,0.24,59.33,0.47,59.33,0.47,,,,,,
gfx1151-Qwen3.6-35B-A3B-UD-Q5_K_XL,pp2048,d8192,2,842.88,2.18,534.67,81.19,,,,,19421.46,2637.98,17783.24,2637.98,19421.46,2637.98
gfx1151-Qwen3.6-35B-A3B-UD-Q5_K_XL,tg128,d8192,2,31.47,0.46,28.31,12.40,88.33,5.44,45.17,2.41,,,,,,
gfx1151-Qwen3.6-35B-A3B-UD-Q5_K_XL,pp2048,d8192,4,833.77,4.20,358.54,148.81,,,,,31882.03,10678.20,30243.81,10678.20,31882.03,10678.20
gfx1151-Qwen3.6-35B-A3B-UD-Q5_K_XL,tg128,d8192,4,16.93,0.22,12.51,8.91,114.67,3.30,29.75,1.23,,,,,,
gfx1151-Qwen3.6-35B-A3B-UD-Q5_K_XL,pp2048,d16384,1,896.60,5.74,896.60,5.74,,,,,20236.01,227.17,18597.79,227.17,20236.01,227.17
gfx1151-Qwen3.6-35B-A3B-UD-Q5_K_XL,tg128,d16384,1,54.71,0.34,54.71,0.34,57.33,0.94,57.33,0.94,,,,,,
gfx1151-Qwen3.6-35B-A3B-UD-Q5_K_XL,pp2048,d16384,2,811.27,1.45,562.54,140.35,,,,,33630.87,8007.05,31992.65,8007.05,33630.87,8007.05
gfx1151-Qwen3.6-35B-A3B-UD-Q5_K_XL,tg128,d16384,2,13.92,0.67,22.67,15.60,79.67,1.25,40.33,0.75,,,,,,
gfx1151-Qwen3.6-35B-A3B-UD-Q5_K_XL,pp2048,d16384,4,797.22,2.91,379.65,192.84,,,,,56403.76,22125.70,54765.54,22125.70,56403.76,22125.70
gfx1151-Qwen3.6-35B-A3B-UD-Q5_K_XL,tg128,d16384,4,8.52,0.18,9.03,8.84,103.67,2.62,28.58,2.90,,,,,,
gfx1151-Qwen3.6-35B-A3B-UD-Q5_K_XL-MTP,pp2048,d0,1,912.29,2.36,912.29,2.36,,,,,2179.07,22.81,2032.21,22.81,2179.07,22.81
gfx1151-Qwen3.6-35B-A3B-UD-Q5_K_XL-MTP,tg128,d0,1,79.83,2.41,79.83,2.41,82.33,4.50,82.33,4.50,,,,,,
gfx1151-Qwen3.6-35B-A3B-UD-Q5_K_XL-MTP,pp2048,d0,2,819.66,9.87,429.26,12.51,,,,,4574.60,138.63,4427.74,138.63,4574.60,138.63
gfx1151-Qwen3.6-35B-A3B-UD-Q5_K_XL-MTP,tg128,d0,2,97.59,5.69,50.89,4.12,115.33,10.21,59.83,8.15,,,,,,
gfx1151-Qwen3.6-35B-A3B-UD-Q5_K_XL-MTP,pp2048,d0,4,837.45,17.26,271.75,70.54,,,,,7427.34,1615.42,7280.48,1615.42,7427.34,1615.42
gfx1151-Qwen3.6-35B-A3B-UD-Q5_K_XL-MTP,tg128,d0,4,54.60,0.74,19.00,3.65,115.67,7.13,33.33,5.20,,,,,,
gfx1151-Qwen3.6-35B-A3B-UD-Q5_K_XL-MTP,pp2048,d8192,1,832.77,2.13,832.77,2.13,,,,,11190.07,72.62,11043.20,72.62,11190.07,72.62
gfx1151-Qwen3.6-35B-A3B-UD-Q5_K_XL-MTP,tg128,d8192,1,76.21,3.81,76.21,3.81,83.33,6.24,83.33,6.24,,,,,,
gfx1151-Qwen3.6-35B-A3B-UD-Q5_K_XL-MTP,pp2048,d8192,2,805.47,2.75,476.36,68.83,,,,,20237.87,3012.44,20091.00,3012.44,20237.87,3012.44
gfx1151-Qwen3.6-35B-A3B-UD-Q5_K_XL-MTP,tg128,d8192,2,31.68,0.65,33.63,17.36,109.33,5.79,56.83,2.61,,,,,,
gfx1151-Qwen3.6-35B-A3B-UD-Q5_K_XL-MTP,pp2048,d8192,4,786.48,1.05,316.38,129.03,,,,,33997.08,11233.86,33850.21,11233.86,33997.08,11233.86
gfx1151-Qwen3.6-35B-A3B-UD-Q5_K_XL-MTP,tg128,d8192,4,15.43,0.08,10.85,7.09,94.67,2.62,29.58,5.62,,,,,,
gfx1151-Qwen3.6-35B-A3B-UD-Q5_K_XL-MTP,pp2048,d16384,1,786.33,0.49,786.33,0.49,,,,,21278.21,142.34,21131.34,142.34,21278.21,142.34
gfx1151-Qwen3.6-35B-A3B-UD-Q5_K_XL-MTP,tg128,d16384,1,75.93,0.44,75.93,0.44,81.67,0.47,81.67,0.47,,,,,,
gfx1151-Qwen3.6-35B-A3B-UD-Q5_K_XL-MTP,pp2048,d16384,2,769.41,0.37,490.75,102.77,,,,,35853.34,7654.61,35706.48,7654.61,35853.34,7654.61
gfx1151-Qwen3.6-35B-A3B-UD-Q5_K_XL-MTP,tg128,d16384,2,15.29,0.21,28.42,20.65,98.33,0.94,51.17,2.34,,,,,,
gfx1151-Qwen3.6-35B-A3B-UD-Q5_K_XL-MTP,pp2048,d16384,4,748.80,2.47,334.23,152.13,,,,,60068.75,22813.87,59921.88,22813.87,60068.75,22813.87
gfx1151-Qwen3.6-35B-A3B-UD-Q5_K_XL-MTP,tg128,d16384,4,8.25,0.19,8.45,8.32,80.33,1.70,29.00,8.31,,,,,,
gfx1151-Qwen3.6-35B-A3B-UD-Q8_K_XL-MTP,pp2048,d0,1,857.69,15.89,857.69,15.89,,,,,2305.61,33.24,2191.32,33.24,2305.61,33.24
gfx1151-Qwen3.6-35B-A3B-UD-Q8_K_XL-MTP,tg128,d0,1,64.04,8.31,64.04,8.31,74.33,7.59,74.33,7.59,,,,,,
gfx1151-Qwen3.6-35B-A3B-UD-Q8_K_XL-MTP,pp2048,d0,2,757.82,8.94,392.88,10.17,,,,,4824.54,112.42,4710.24,112.42,4824.54,112.42
gfx1151-Qwen3.6-35B-A3B-UD-Q8_K_XL-MTP,tg128,d0,2,61.32,0.47,32.62,1.59,84.67,4.64,44.83,4.06,,,,,,
gfx1151-Qwen3.6-35B-A3B-UD-Q8_K_XL-MTP,pp2048,d0,4,696.63,5.86,193.83,21.50,,,,,9942.70,950.63,9828.41,950.63,9942.70,950.63
gfx1151-Qwen3.6-35B-A3B-UD-Q8_K_XL-MTP,tg128,d0,4,60.18,0.63,18.99,2.62,125.00,0.82,32.58,2.93,,,,,,
gfx1151-Qwen3.6-35B-A3B-UD-Q8_K_XL-MTP,pp2048,d8192,1,809.86,2.26,809.86,2.26,,,,,11568.70,117.42,11454.40,117.42,11568.70,117.42
gfx1151-Qwen3.6-35B-A3B-UD-Q8_K_XL-MTP,tg128,d8192,1,61.04,4.95,61.04,4.95,71.00,0.82,71.00,0.82,,,,,,
gfx1151-Qwen3.6-35B-A3B-UD-Q8_K_XL-MTP,pp2048,d8192,2,773.92,1.48,454.68,67.75,,,,,20928.24,3012.27,20813.94,3012.27,20928.24,3012.27
gfx1151-Qwen3.6-35B-A3B-UD-Q8_K_XL-MTP,tg128,d8192,2,27.62,0.57,24.69,11.00,76.67,6.65,40.33,3.59,,,,,,
gfx1151-Qwen3.6-35B-A3B-UD-Q8_K_XL-MTP,pp2048,d8192,4,740.00,2.73,299.29,124.09,,,,,35983.71,12086.62,35869.42,12086.62,35983.71,12086.62
gfx1151-Qwen3.6-35B-A3B-UD-Q8_K_XL-MTP,tg128,d8192,4,14.60,0.15,11.06,7.76,102.67,2.49,30.42,2.98,,,,,,
gfx1151-Qwen3.6-35B-A3B-UD-Q8_K_XL-MTP,pp2048,d16384,1,771.93,5.44,771.93,5.44,,,,,21750.73,253.16,21636.44,253.16,21750.73,253.16
gfx1151-Qwen3.6-35B-A3B-UD-Q8_K_XL-MTP,tg128,d16384,1,64.66,6.46,64.66,6.46,74.33,3.40,74.33,3.40,,,,,,
gfx1151-Qwen3.6-35B-A3B-UD-Q8_K_XL-MTP,pp2048,d16384,2,734.25,2.64,469.05,100.10,,,,,37561.25,8086.24,37446.96,8086.24,37561.25,8086.24
gfx1151-Qwen3.6-35B-A3B-UD-Q8_K_XL-MTP,tg128,d16384,2,13.69,0.19,20.86,13.98,78.67,0.94,42.50,2.75,,,,,,
gfx1151-Qwen3.6-35B-A3B-UD-Q8_K_XL-MTP,pp2048,d16384,4,707.65,0.33,318.85,149.45,,,,,63237.73,24361.98,63123.43,24361.98,63237.73,24361.98
gfx1151-Qwen3.6-35B-A3B-UD-Q8_K_XL-MTP,tg128,d16384,4,7.66,0.02,7.90,7.71,132.33,67.06,35.83,16.89,,,,,,
gfx1151-Qwen3.8-27B-ABL-Q5_K_M,pp2048,d0,1,250.03,0.09,250.03,0.09,,,,,7932.00,205.50,7721.66,205.50,7932.00,205.50
gfx1151-Qwen3.8-27B-ABL-Q5_K_M,tg128,d0,1,11.59,0.30,11.59,0.30,13.67,0.47,13.67,0.47,,,,,,
gfx1151-Qwen3.8-27B-ABL-Q5_K_M,pp2048,d0,2,220.78,0.52,112.59,0.34,,,,,17056.88,336.06,16846.54,336.06,17056.88,336.06
gfx1151-Qwen3.8-27B-ABL-Q5_K_M,tg128,d0,2,20.64,0.25,10.46,0.22,25.00,0.82,13.17,0.90,,,,,,
gfx1151-Qwen3.8-27B-ABL-Q5_K_M,pp2048,d0,4,199.66,1.70,54.05,4.37,,,,,34949.06,2658.49,34738.72,2658.49,34949.06,2658.49
gfx1151-Qwen3.8-27B-ABL-Q5_K_M,tg128,d0,4,24.30,0.21,7.71,1.04,39.00,0.00,10.50,0.87,,,,,,
gfx1151-Qwen3.8-27B-ABL-Q5_K_M,pp2048,d8192,1,204.77,0.51,204.77,0.51,,,,,46219.10,315.59,46008.76,315.59,46219.10,315.59
gfx1151-Qwen3.8-27B-ABL-Q5_K_M,tg128,d8192,1,11.29,0.24,11.29,0.24,14.33,1.25,14.33,1.25,,,,,,
gfx1151-Qwen3.8-27B-ABL-Q5_K_M,pp2048,d8192,2,201.17,0.38,117.12,16.50,,,,,81222.17,11300.29,81011.83,11300.29,81222.17,11300.29
gfx1151-Qwen3.8-27B-ABL-Q5_K_M,tg128,d8192,2,7.33,0.26,6.84,3.14,23.67,0.47,12.17,0.37,,,,,,
gfx1151-Qwen3.8-27B-ABL-Q5_K_M,pp2048,d8192,4,199.18,0.03,78.91,31.88,,,,,135594.10,44261.74,135383.76,44261.74,135594.10,44261.74
gfx1151-Qwen3.8-27B-ABL-Q5_K_M,tg128,d8192,4,3.96,0.04,3.43,2.67,37.33,1.89,10.50,0.96,,,,,,
gfx1151-Qwen3.8-27B-ABL-Q5_K_M,pp2048,d16384,1,197.36,0.14,197.36,0.14,,,,,84543.04,1152.37,84332.70,1152.37,84543.04,1152.37
gfx1151-Qwen3.8-27B-ABL-Q5_K_M,tg128,d16384,1,11.25,0.37,11.25,0.37,13.67,0.94,13.67,0.94,,,,,,
gfx1151-Qwen3.8-27B-ABL-Q5_K_M,pp2048,d16384,2,194.30,0.06,122.76,25.21,,,,,143246.04,29767.73,143035.70,29767.73,143246.04,29767.73
gfx1151-Qwen3.8-27B-ABL-Q5_K_M,tg128,d16384,2,3.61,0.06,5.78,3.97,23.33,1.25,13.00,1.29,,,,,,
gfx1151-Qwen3.8-27B-ABL-Q5_K_M,pp2048,d16384,4,192.29,0.06,83.92,37.00,,,,,236273.22,87944.21,236062.88,87944.21,236273.22,87944.21
gfx1151-Qwen3.8-27B-ABL-Q5_K_M,tg128,d16384,4,2.08,0.01,2.49,2.63,32.67,0.47,9.50,0.76,,,,,,
gfx1151-Qwen3.8-27B-MTP-Q4_0,pp2048,d0,1,255.84,1.79,255.84,1.79,,,,,7702.55,278.47,7447.44,278.47,7702.55,278.47
gfx1151-Qwen3.8-27B-MTP-Q4_0,tg128,d0,1,20.01,0.98,20.01,0.98,27.33,1.25,27.33,1.25,,,,,,
gfx1151-Qwen3.8-27B-MTP-Q4_0,pp2048,d0,2,233.48,1.33,144.94,26.43,,,,,13460.70,2411.37,13205.59,2411.37,13460.70,2411.37
gfx1151-Qwen3.8-27B-MTP-Q4_0,tg128,d0,2,19.71,0.30,12.83,2.47,40.33,1.25,23.33,2.75,,,,,,
gfx1151-Qwen3.8-27B-MTP-Q4_0,pp2048,d0,4,209.92,0.83,88.11,35.63,,,,,24956.81,8881.81,24701.70,8881.81,24956.81,8881.81
gfx1151-Qwen3.8-27B-MTP-Q4_0,tg128,d0,4,11.97,0.13,4.57,1.18,36.67,2.05,13.42,3.17,,,,,,
gfx1151-Qwen3.8-27B-MTP-Q4_0,pp2048,d8192,1,248.57,0.92,248.57,0.92,,,,,38108.11,128.09,37852.99,128.09,38108.11,128.09
gfx1151-Qwen3.8-27B-MTP-Q4_0,tg128,d8192,1,19.94,0.91,19.94,0.91,33.00,3.56,33.00,3.56,,,,,,
gfx1151-Qwen3.8-27B-MTP-Q4_0,pp2048,d8192,2,233.54,0.17,169.58,52.47,,,,,60752.19,18711.17,60497.07,18711.17,60752.19,18711.17
gfx1151-Qwen3.8-27B-MTP-Q4_0,tg128,d8192,2,5.63,0.05,9.03,6.15,37.67,1.70,21.33,3.30,,,,,,
gfx1151-Qwen3.8-27B-MTP-Q4_0,pp2048,d8192,4,213.96,0.81,113.08,64.03,,,,,108538.47,49357.37,108283.36,49357.37,108538.47,49357.37
gfx1151-Qwen3.8-27B-MTP-Q4_0,tg128,d8192,4,3.64,0.02,3.92,3.91,32.67,1.70,15.17,7.86,,,,,,
gfx1151-Qwen3.8-27B-MTP-Q4_0,pp2048,d16384,1,236.29,0.11,236.29,0.11,,,,,70861.06,425.98,70605.95,425.98,70861.06,425.98
gfx1151-Qwen3.8-27B-MTP-Q4_0,tg128,d16384,1,18.85,0.74,18.85,0.74,29.67,1.25,29.67,1.25,,,,,,
gfx1151-Qwen3.8-27B-MTP-Q4_0,pp2048,d16384,2,222.32,0.37,166.79,55.00,,,,,112518.38,37449.11,112263.26,37449.11,112518.38,37449.11
gfx1151-Qwen3.8-27B-MTP-Q4_0,tg128,d16384,2,3.12,0.06,8.22,6.63,34.00,0.00,21.17,3.29,,,,,,
gfx1151-Qwen3.8-27B-MTP-Q4_0,pp2048,d16384,4,207.67,0.97,112.49,65.04,,,,,196643.59,91418.93,196388.47,91418.93,196643.59,91418.93
gfx1151-Qwen3.8-27B-MTP-Q4_0,tg128,d16384,4,2.05,0.02,4.30,5.50,29.33,1.70,12.42,8.21,,,,,,
gfx1151-Qwen3.8-27B-MTP-Q8_0,pp2048,d0,1,227.65,4.63,227.65,4.63,,,,,8506.60,277.04,8200.84,277.04,8506.60,277.04
gfx1151-Qwen3.8-27B-MTP-Q8_0,tg128,d0,1,13.67,0.81,13.67,0.81,22.00,0.82,22.00,0.82,,,,,,
gfx1151-Qwen3.8-27B-MTP-Q8_0,pp2048,d0,2,215.12,4.02,110.36,3.95,,,,,17032.12,255.00,16726.36,255.00,17032.12,255.00
gfx1151-Qwen3.8-27B-MTP-Q8_0,tg128,d0,2,20.96,1.12,11.01,0.51,33.33,2.62,17.67,1.80,,,,,,
gfx1151-Qwen3.8-27B-MTP-Q8_0,pp2048,d0,4,202.82,0.68,56.25,5.56,,,,,33615.27,3583.55,33309.51,3583.55,33615.27,3583.55
gfx1151-Qwen3.8-27B-MTP-Q8_0,tg128,d0,4,13.75,1.55,4.15,0.46,28.33,0.94,10.42,2.33,,,,,,
gfx1151-Qwen3.8-27B-MTP-Q8_0,pp2048,d8192,1,220.06,0.23,220.06,0.23,,,,,42894.91,404.55,42589.15,404.55,42894.91,404.55
gfx1151-Qwen3.8-27B-MTP-Q8_0,tg128,d8192,1,13.32,0.28,13.32,0.28,22.00,1.41,22.00,1.41,,,,,,
gfx1151-Qwen3.8-27B-MTP-Q8_0,pp2048,d8192,2,214.97,0.85,125.82,17.42,,,,,75716.68,10815.15,75410.92,10815.15,75716.68,10815.15
gfx1151-Qwen3.8-27B-MTP-Q8_0,tg128,d8192,2,7.71,0.16,7.82,3.90,33.33,2.62,18.50,2.06,,,,,,
gfx1151-Qwen3.8-27B-MTP-Q8_0,pp2048,d8192,4,206.76,0.53,83.56,34.95,,,,,129131.31,43200.26,128825.55,43200.26,129131.31,43200.26
gfx1151-Qwen3.8-27B-MTP-Q8_0,tg128,d8192,4,3.60,0.05,2.29,1.34,29.67,1.25,10.50,3.30,,,,,,
gfx1151-Qwen3.8-27B-MTP-Q8_0,pp2048,d16384,1,209.18,0.33,209.18,0.33,,,,,79588.69,1048.90,79282.93,1048.90,79588.69,1048.90
gfx1151-Qwen3.8-27B-MTP-Q8_0,tg128,d16384,1,13.40,0.80,13.40,0.80,22.33,1.25,22.33,1.25,,,,,,
gfx1151-Qwen3.8-27B-MTP-Q8_0,pp2048,d16384,2,204.49,0.03,129.90,27.86,,,,,135292.27,28457.78,134986.51,28457.78,135292.27,28457.78
gfx1151-Qwen3.8-27B-MTP-Q8_0,tg128,d16384,2,3.79,0.03,6.45,4.52,34.00,0.82,19.00,1.29,,,,,,
gfx1151-Qwen3.8-27B-MTP-Q8_0,pp2048,d16384,4,197.25,0.15,88.16,41.03,,,,,227438.49,86713.17,227132.73,86713.17,227438.49,86713.17
gfx1151-Qwen3.8-27B-MTP-Q8_0,tg128,d16384,4,2.05,0.02,1.92,1.76,29.33,1.25,11.75,3.65,,,,,,
gfx1151-Qwen3.8-27B-Q6_K-MTP,pp2048,d0,1,151.78,4.10,151.78,4.10,,,,,12897.46,192.00,12624.58,192.00,12897.46,192.00
gfx1151-Qwen3.8-27B-Q6_K-MTP,tg128,d0,1,16.90,0.85,16.90,0.85,25.33,2.05,25.33,2.05,,,,,,
gfx1151-Qwen3.8-27B-Q6_K-MTP,pp2048,d0,2,149.30,0.69,76.14,0.92,,,,,24852.47,502.16,24579.59,502.16,24852.47,502.16
gfx1151-Qwen3.8-27B-Q6_K-MTP,tg128,d0,2,19.48,0.34,10.12,0.40,27.33,0.94,15.83,2.11,,,,,,
gfx1151-Qwen3.8-27B-Q6_K-MTP,pp2048,d0,4,133.61,2.37,40.21,8.37,,,,,48706.88,8097.00,48434.00,8097.00,48706.88,8097.00
gfx1151-Qwen3.8-27B-Q6_K-MTP,tg128,d0,4,9.57,0.82,2.99,0.49,28.33,5.44,9.42,4.65,,,,,,
gfx1151-Qwen3.8-27B-Q6_K-MTP,pp2048,d8192,1,135.87,0.13,135.87,0.13,,,,,67494.97,1394.63,67222.09,1394.63,67494.97,1394.63
gfx1151-Qwen3.8-27B-Q6_K-MTP,tg128,d8192,1,15.22,0.54,15.22,0.54,22.33,1.25,22.33,1.25,,,,,,
gfx1151-Qwen3.8-27B-Q6_K-MTP,pp2048,d8192,2,133.65,0.13,77.98,11.53,,,,,122339.51,17142.69,122066.63,17142.69,122339.51,17142.69
gfx1151-Qwen3.8-27B-Q6_K-MTP,tg128,d8192,2,5.33,0.05,5.86,3.17,28.00,0.82,15.50,2.14,,,,,,
gfx1151-Qwen3.8-27B-Q6_K-MTP,pp2048,d8192,4,129.49,0.46,52.07,21.80,,,,,207335.81,68718.19,207062.93,68718.19,207335.81,68718.19
gfx1151-Qwen3.8-27B-Q6_K-MTP,tg128,d8192,4,2.34,0.01,1.60,1.01,22.67,1.25,8.67,2.29,,,,,,
gfx1151-Qwen3.8-27B-Q6_K-MTP,pp2048,d16384,1,131.37,0.15,131.37,0.15,,,,,127431.32,977.99,127158.44,977.99,127431.32,977.99
gfx1151-Qwen3.8-27B-Q6_K-MTP,tg128,d16384,1,14.31,0.84,14.31,0.84,21.00,2.45,21.00,2.45,,,,,,
gfx1151-Qwen3.8-27B-Q6_K-MTP,pp2048,d16384,2,129.43,0.26,81.86,17.01,,,,,214569.79,44763.20,214296.91,44763.20,214569.79,44763.20
gfx1151-Qwen3.8-27B-Q6_K-MTP,tg128,d16384,2,2.55,0.07,5.44,4.19,28.67,1.25,18.17,4.67,,,,,,
gfx1151-Qwen3.8-27B-Q6_K-MTP,pp2048,d16384,4,125.10,0.53,55.25,25.13,,,,,360837.39,135811.61,360564.51,135811.61,360837.39,135811.61
gfx1151-Qwen3.8-27B-Q6_K-MTP,tg128,d16384,4,1.31,0.03,1.37,1.35,24.00,0.82,8.92,3.38,,,,,,
gfx1151-Qwen3.8-27B-Q8_0,pp2048,d0,1,228.62,5.14,228.62,5.14,,,,,8396.12,176.82,8104.78,176.82,8396.12,176.82
gfx1151-Qwen3.8-27B-Q8_0,tg128,d0,1,7.84,0.11,7.84,0.11,10.67,1.25,10.67,1.25,,,,,,
gfx1151-Qwen3.8-27B-Q8_0,pp2048,d0,2,221.33,2.24,113.70,1.43,,,,,16925.92,377.19,16634.58,377.19,16925.92,377.19
gfx1151-Qwen3.8-27B-Q8_0,tg128,d0,2,14.69,0.09,7.44,0.07,19.67,0.94,10.67,1.25,,,,,,
gfx1151-Qwen3.8-27B-Q8_0,pp2048,d0,4,207.39,1.53,58.31,6.50,,,,,33089.08,4032.00,32797.74,4032.00,33089.08,4032.00
gfx1151-Qwen3.8-27B-Q8_0,tg128,d0,4,17.45,0.27,5.79,0.85,32.33,0.47,8.92,1.11,,,,,,
gfx1151-Qwen3.8-27B-Q8_0,pp2048,d8192,1,226.00,1.28,226.00,1.28,,,,,41392.33,724.18,41101.00,724.18,41392.33,724.18
gfx1151-Qwen3.8-27B-Q8_0,tg128,d8192,1,7.68,0.07,7.68,0.07,10.00,0.00,10.00,0.00,,,,,,
gfx1151-Qwen3.8-27B-Q8_0,pp2048,d8192,2,220.52,0.72,128.77,17.70,,,,,73962.35,10413.62,73671.01,10413.62,73962.35,10413.62
gfx1151-Qwen3.8-27B-Q8_0,tg128,d8192,2,6.68,0.06,5.25,1.81,16.33,1.25,9.17,1.07,,,,,,
gfx1151-Qwen3.8-27B-Q8_0,pp2048,d8192,4,217.24,0.24,86.73,35.60,,,,,122953.22,40617.51,122661.89,40617.51,122953.22,40617.51
gfx1151-Qwen3.8-27B-Q8_0,tg128,d8192,4,4.05,0.03,2.88,1.88,27.33,1.25,8.08,0.76,,,,,,
gfx1151-Qwen3.8-27B-Q8_0,pp2048,d16384,1,215.13,0.22,215.13,0.22,,,,,78302.88,380.22,78011.54,380.22,78302.88,380.22
gfx1151-Qwen3.8-27B-Q8_0,tg128,d16384,1,7.59,0.09,7.59,0.09,10.33,0.47,10.33,0.47,,,,,,
gfx1151-Qwen3.8-27B-Q8_0,pp2048,d16384,2,211.13,0.46,133.99,27.98,,,,,131497.38,27698.66,131206.05,27698.66,131497.38,27698.66
gfx1151-Qwen3.8-27B-Q8_0,tg128,d16384,2,3.51,0.02,4.36,2.59,17.00,1.63,8.67,0.94,,,,,,
gfx1151-Qwen3.8-27B-Q8_0,pp2048,d16384,4,207.75,0.07,91.74,41.54,,,,,218313.72,82077.76,218022.38,82077.76,218313.72,82077.76
gfx1151-Qwen3.8-27B-Q8_0,tg128,d16384,4,2.17,0.01,2.13,2.02,27.33,0.94,8.17,1.21,,,,,,
gfx1151-Qwen3.8-27B-UD-Q4_K_XL,pp2048,d0,1,249.17,4.62,249.17,4.62,,,,,7998.05,67.06,7760.56,67.06,7998.05,67.06
gfx1151-Qwen3.8-27B-UD-Q4_K_XL,tg128,d0,1,12.46,0.28,12.46,0.28,14.00,0.00,14.00,0.00,,,,,,
gfx1151-Qwen3.8-27B-UD-Q4_K_XL,pp2048,d0,2,236.35,0.97,120.90,2.73,,,,,15756.21,150.31,15518.71,150.31,15756.21,150.31
gfx1151-Qwen3.8-27B-UD-Q4_K_XL,tg128,d0,2,21.74,0.18,11.02,0.17,25.00,0.82,13.00,0.82,,,,,,
gfx1151-Qwen3.8-27B-UD-Q4_K_XL,pp2048,d0,4,223.73,0.20,62.64,7.65,,,,,30358.71,3515.47,30121.22,3515.47,30358.71,3515.47
gfx1151-Qwen3.8-27B-UD-Q4_K_XL,tg128,d0,4,22.68,0.23,7.93,1.36,43.67,1.70,11.50,1.26,,,,,,
gfx1151-Qwen3.8-27B-UD-Q4_K_XL,pp2048,d8192,1,239.55,0.93,239.55,0.93,,,,,39210.66,489.71,38973.16,489.71,39210.66,489.71
gfx1151-Qwen3.8-27B-UD-Q4_K_XL,tg128,d8192,1,11.93,0.14,11.93,0.14,14.00,0.82,14.00,0.82,,,,,,
gfx1151-Qwen3.8-27B-UD-Q4_K_XL,pp2048,d8192,2,234.62,0.26,136.53,17.72,,,,,69527.76,9672.79,69290.27,9672.79,69527.76,9672.79
gfx1151-Qwen3.8-27B-UD-Q4_K_XL,tg128,d8192,2,8.37,0.21,7.48,3.21,25.67,0.94,13.83,1.07,,,,,,
gfx1151-Qwen3.8-27B-UD-Q4_K_XL,pp2048,d8192,4,232.29,0.50,91.46,37.45,,,,,115826.88,37466.87,115589.39,37466.87,115826.88,37466.87
gfx1151-Qwen3.8-27B-UD-Q4_K_XL,tg128,d8192,4,4.54,0.07,3.70,2.68,36.00,1.63,10.17,0.69,,,,,,
gfx1151-Qwen3.8-27B-UD-Q4_K_XL,pp2048,d16384,1,229.37,0.16,229.37,0.16,,,,,73183.14,385.89,72945.64,385.89,73183.14,385.89
gfx1151-Qwen3.8-27B-UD-Q4_K_XL,tg128,d16384,1,11.74,0.05,11.74,0.05,14.67,0.47,14.67,0.47,,,,,,
gfx1151-Qwen3.8-27B-UD-Q4_K_XL,pp2048,d16384,2,225.42,0.15,142.82,30.48,,,,,123340.51,25703.86,123103.02,25703.86,123340.51,25703.86
gfx1151-Qwen3.8-27B-UD-Q4_K_XL,tg128,d16384,2,4.08,0.06,6.15,4.10,24.33,1.25,12.50,0.76,,,,,,
gfx1151-Qwen3.8-27B-UD-Q4_K_XL,pp2048,d16384,4,222.28,0.13,97.95,44.40,,,,,204275.65,76566.50,204038.16,76566.50,204275.65,76566.50
gfx1151-Qwen3.8-27B-UD-Q4_K_XL,tg128,d16384,4,2.35,0.02,2.63,2.67,31.67,1.25,9.58,1.44,,,,,,
gfx1151-Qwen3.8-27B-UD-Q5_K_XL,pp2048,d0,1,232.49,6.83,232.49,6.83,,,,,8280.35,425.06,8029.77,425.06,8280.35,425.06
gfx1151-Qwen3.8-27B-UD-Q5_K_XL,tg128,d0,1,10.56,0.27,10.56,0.27,12.33,0.94,12.33,0.94,,,,,,
gfx1151-Qwen3.8-27B-UD-Q5_K_XL,pp2048,d0,2,217.12,2.40,111.09,4.75,,,,,16613.67,183.09,16363.10,183.09,16613.67,183.09
gfx1151-Qwen3.8-27B-UD-Q5_K_XL,tg128,d0,2,19.60,0.49,9.94,0.42,25.33,1.25,13.17,1.95,,,,,,
gfx1151-Qwen3.8-27B-UD-Q5_K_XL,pp2048,d0,4,208.32,1.74,58.39,7.37,,,,,32972.65,3874.70,32722.07,3874.70,32972.65,3874.70
gfx1151-Qwen3.8-27B-UD-Q5_K_XL,tg128,d0,4,20.37,0.23,7.12,1.26,38.67,0.47,10.25,0.83,,,,,,
gfx1151-Qwen3.8-27B-UD-Q5_K_XL,pp2048,d8192,1,224.37,0.47,224.37,0.47,,,,,41670.16,681.16,41419.58,681.16,41670.16,681.16
gfx1151-Qwen3.8-27B-UD-Q5_K_XL,tg128,d8192,1,10.43,0.11,10.43,0.11,12.33,0.47,12.33,0.47,,,,,,
gfx1151-Qwen3.8-27B-UD-Q5_K_XL,pp2048,d8192,2,219.92,0.67,127.53,17.00,,,,,73984.28,9993.42,73733.70,9993.42,73984.28,9993.42
gfx1151-Qwen3.8-27B-UD-Q5_K_XL,tg128,d8192,2,7.88,0.08,6.75,2.67,24.33,0.47,12.83,0.90,,,,,,
gfx1151-Qwen3.8-27B-UD-Q5_K_XL,pp2048,d8192,4,217.19,0.02,86.72,36.03,,,,,124518.13,40758.38,124267.55,40758.38,124518.13,40758.38
gfx1151-Qwen3.8-27B-UD-Q5_K_XL,tg128,d8192,4,4.13,0.05,3.33,2.46,35.67,1.25,9.58,0.64,,,,,,
gfx1151-Qwen3.8-27B-UD-Q5_K_XL,pp2048,d16384,1,214.91,0.02,214.91,0.02,,,,,78443.72,587.11,78193.14,587.11,78443.72,587.11
gfx1151-Qwen3.8-27B-UD-Q5_K_XL,tg128,d16384,1,10.38,0.24,10.38,0.24,14.33,1.25,14.33,1.25,,,,,,
gfx1151-Qwen3.8-27B-UD-Q5_K_XL,pp2048,d16384,2,211.17,0.25,133.48,28.38,,,,,131219.22,27074.67,130968.64,27074.67,131219.22,27074.67
gfx1151-Qwen3.8-27B-UD-Q5_K_XL,tg128,d16384,2,3.85,0.01,5.57,3.62,22.67,1.89,11.83,1.57,,,,,,
gfx1151-Qwen3.8-27B-UD-Q5_K_XL,pp2048,d16384,4,208.40,0.17,91.68,41.48,,,,,217817.42,81526.70,217566.84,81526.70,217817.42,81526.70
gfx1151-Qwen3.8-27B-UD-Q5_K_XL,tg128,d16384,4,2.22,0.03,2.45,2.47,32.33,0.94,9.33,0.62,,,,,,
gfx1151-Qwen3.8-27B-UD-Q6_K_XL,pp2048,d0,1,221.68,8.38,221.68,8.38,,,,,8676.04,418.99,8396.55,418.99,8676.04,418.99
gfx1151-Qwen3.8-27B-UD-Q6_K_XL,tg128,d0,1,8.70,0.08,8.70,0.08,10.33,0.47,10.33,0.47,,,,,,
gfx1151-Qwen3.8-27B-UD-Q6_K_XL,pp2048,d0,2,208.23,1.38,106.66,3.31,,,,,17879.30,296.57,17599.81,296.57,17879.30,296.57
gfx1151-Qwen3.8-27B-UD-Q6_K_XL,tg128,d0,2,16.22,0.07,8.22,0.13,19.33,0.47,10.33,0.94,,,,,,
gfx1151-Qwen3.8-27B-UD-Q6_K_XL,pp2048,d0,4,198.55,1.66,55.69,8.17,,,,,34605.37,3950.08,34325.88,3950.08,34605.37,3950.08
gfx1151-Qwen3.8-27B-UD-Q6_K_XL,tg128,d0,4,18.49,0.20,6.23,1.02,32.67,0.47,8.83,0.90,,,,,,
gfx1151-Qwen3.8-27B-UD-Q6_K_XL,pp2048,d8192,1,212.77,0.36,212.77,0.36,,,,,44189.48,220.65,43909.99,220.65,44189.48,220.65
gfx1151-Qwen3.8-27B-UD-Q6_K_XL,tg128,d8192,1,8.70,0.29,8.70,0.29,10.67,1.70,10.67,1.70,,,,,,
gfx1151-Qwen3.8-27B-UD-Q6_K_XL,pp2048,d8192,2,209.34,0.47,121.73,16.71,,,,,77888.99,10677.83,77609.50,10677.83,77888.99,10677.83
gfx1151-Qwen3.8-27B-UD-Q6_K_XL,tg128,d8192,2,6.87,0.10,5.69,2.20,18.33,0.47,9.83,0.69,,,,,,
gfx1151-Qwen3.8-27B-UD-Q6_K_XL,pp2048,d8192,4,206.51,0.29,81.97,33.47,,,,,129482.89,42481.38,129203.40,42481.38,129482.89,42481.38
gfx1151-Qwen3.8-27B-UD-Q6_K_XL,tg128,d8192,4,3.99,0.05,3.04,2.12,32.00,0.00,8.83,0.99,,,,,,
gfx1151-Qwen3.8-27B-UD-Q6_K_XL,pp2048,d16384,1,204.52,0.17,204.52,0.17,,,,,81426.09,401.48,81146.60,401.48,81426.09,401.48
gfx1151-Qwen3.8-27B-UD-Q6_K_XL,tg128,d16384,1,8.56,0.08,8.56,0.08,11.33,0.47,11.33,0.47,,,,,,
gfx1151-Qwen3.8-27B-UD-Q6_K_XL,pp2048,d16384,2,201.52,0.15,126.70,25.54,,,,,137124.25,27889.30,136844.76,27889.30,137124.25,27889.30
gfx1151-Qwen3.8-27B-UD-Q6_K_XL,tg128,d16384,2,3.61,0.03,4.82,3.00,19.33,1.25,10.33,0.47,,,,,,
gfx1151-Qwen3.8-27B-UD-Q6_K_XL,pp2048,d16384,4,198.58,0.28,87.22,39.51,,,,,228600.10,85334.24,228320.61,85334.24,228600.10,85334.24
gfx1151-Qwen3.8-27B-UD-Q6_K_XL,tg128,d16384,4,2.09,0.02,2.21,2.17,27.33,0.94,8.17,1.28,,,,,,
gfx1151-Qwen3.8-27B-UD-Q8_K_XL,pp2048,d0,1,224.60,4.78,224.60,4.78,,,,,8664.62,557.15,8392.49,557.15,8664.62,557.15
gfx1151-Qwen3.8-27B-UD-Q8_K_XL,tg128,d0,1,7.43,0.07,7.43,0.07,10.00,0.82,10.00,0.82,,,,,,
gfx1151-Qwen3.8-27B-UD-Q8_K_XL,pp2048,d0,2,213.40,1.12,109.54,2.38,,,,,17179.08,290.80,16906.95,290.80,17179.08,290.80
gfx1151-Qwen3.8-27B-UD-Q8_K_XL,tg128,d0,2,13.50,0.05,6.84,0.13,16.33,0.47,8.50,0.96,,,,,,
gfx1151-Qwen3.8-27B-UD-Q8_K_XL,pp2048,d0,4,198.25,1.44,55.68,6.95,,,,,34135.08,4069.53,33862.95,4069.53,34135.08,4069.53
gfx1151-Qwen3.8-27B-UD-Q8_K_XL,tg128,d0,4,16.66,0.12,5.46,0.78,29.00,0.82,7.67,0.62,,,,,,
gfx1151-Qwen3.8-27B-UD-Q8_K_XL,pp2048,d8192,1,217.94,0.59,217.94,0.59,,,,,42687.46,728.37,42415.33,728.37,42687.46,728.37
gfx1151-Qwen3.8-27B-UD-Q8_K_XL,tg128,d8192,1,7.11,0.02,7.11,0.02,9.33,0.47,9.33,0.47,,,,,,
gfx1151-Qwen3.8-27B-UD-Q8_K_XL,pp2048,d8192,2,213.38,0.32,123.81,17.40,,,,,75955.18,10213.63,75683.04,10213.63,75955.18,10213.63
gfx1151-Qwen3.8-27B-UD-Q8_K_XL,tg128,d8192,2,6.60,0.15,5.09,1.79,17.33,0.94,9.17,1.21,,,,,,
gfx1151-Qwen3.8-27B-UD-Q8_K_XL,pp2048,d8192,4,209.94,0.61,83.19,33.62,,,,,128447.62,41912.63,128175.48,41912.63,128447.62,41912.63
gfx1151-Qwen3.8-27B-UD-Q8_K_XL,tg128,d8192,4,3.93,0.01,2.76,1.77,27.67,0.94,8.33,0.47,,,,,,
gfx1151-Qwen3.8-27B-UD-Q8_K_XL,pp2048,d16384,1,208.52,0.36,208.52,0.36,,,,,80050.63,1389.66,79778.49,1389.66,80050.63,1389.66
gfx1151-Qwen3.8-27B-UD-Q8_K_XL,tg128,d16384,1,7.29,0.22,7.29,0.22,9.67,0.47,9.67,0.47,,,,,,
gfx1151-Qwen3.8-27B-UD-Q8_K_XL,pp2048,d16384,2,204.20,0.27,128.85,26.97,,,,,135086.19,27727.65,134814.06,27727.65,135086.19,27727.65
gfx1151-Qwen3.8-27B-UD-Q8_K_XL,tg128,d16384,2,3.50,0.06,4.22,2.48,18.00,0.82,9.67,1.25,,,,,,
gfx1151-Qwen3.8-27B-UD-Q8_K_XL,pp2048,d16384,4,200.57,0.27,88.61,39.88,,,,,226514.36,85335.40,226242.23,85335.40,226514.36,85335.40
gfx1151-Qwen3.8-27B-UD-Q8_K_XL,tg128,d16384,4,2.08,0.04,2.00,1.86,24.33,1.25,7.00,0.71,,,,,,
gfx1151-ROCm0-Ornith-1.0-35B-Q8_0,pp2048,d0,1,975.49,26.28,975.49,26.28,,,,,2060.50,16.54,1938.43,16.54,2060.50,16.54
gfx1151-ROCm0-Ornith-1.0-35B-Q8_0,tg128,d0,1,50.25,1.92,50.25,1.92,55.00,4.32,55.00,4.32,,,,,,
gfx1151-ROCm0-Ornith-1.0-35B-Q8_0,pp2048,d0,2,817.31,2.44,424.45,7.27,,,,,4423.46,125.47,4301.38,125.47,4423.46,125.47
gfx1151-ROCm0-Ornith-1.0-35B-Q8_0,tg128,d0,2,75.24,0.87,38.16,1.47,82.67,1.70,41.50,3.20,,,,,,
gfx1151-ROCm0-Ornith-1.0-35B-Q8_0,pp2048,d0,4,787.25,2.91,217.85,22.43,,,,,8735.38,782.76,8613.31,782.76,8735.38,782.76
gfx1151-ROCm0-Ornith-1.0-35B-Q8_0,tg128,d0,4,76.30,1.68,23.47,2.87,120.67,2.36,31.08,2.50,,,,,,
gfx1151-ROCm0-Ornith-1.0-35B-Q8_0,pp2048,d8192,1,916.37,2.41,916.37,2.41,,,,,10311.97,24.26,10189.89,24.26,10311.97,24.26
gfx1151-ROCm0-Ornith-1.0-35B-Q8_0,tg128,d8192,1,46.59,0.35,46.59,0.35,49.00,0.82,49.00,0.82,,,,,,
gfx1151-ROCm0-Ornith-1.0-35B-Q8_0,pp2048,d8192,2,805.04,1.01,476.42,72.05,,,,,20013.71,2999.14,19891.63,2999.14,20013.71,2999.14
gfx1151-ROCm0-Ornith-1.0-35B-Q8_0,tg128,d8192,2,27.33,0.71,24.08,10.28,72.67,0.94,37.17,1.34,,,,,,
gfx1151-ROCm0-Ornith-1.0-35B-Q8_0,pp2048,d8192,4,687.53,0.76,299.08,143.61,,,,,37272.39,13843.84,37150.31,13843.84,37272.39,13843.84
gfx1151-ROCm0-Ornith-1.0-35B-Q8_0,tg128,d8192,4,13.02,0.15,10.60,8.00,102.33,2.87,26.75,2.42,,,,,,
gfx1151-ROCm0-Ornith-1.0-35B-Q8_0,pp2048,d16384,1,854.43,3.83,854.43,3.83,,,,,19722.73,201.38,19600.65,201.38,19722.73,201.38
gfx1151-ROCm0-Ornith-1.0-35B-Q8_0,tg128,d16384,1,44.80,0.98,44.80,0.98,46.67,1.25,46.67,1.25,,,,,,
gfx1151-ROCm0-Ornith-1.0-35B-Q8_0,pp2048,d16384,2,724.58,0.90,479.15,114.45,,,,,37230.29,9004.72,37108.21,9004.72,37230.29,9004.72
gfx1151-ROCm0-Ornith-1.0-35B-Q8_0,tg128,d16384,2,12.42,0.18,19.61,13.25,70.00,0.82,35.50,1.61,,,,,,
gfx1151-ROCm0-Ornith-1.0-35B-Q8_0,pp2048,d16384,4,562.97,1.15,302.63,173.21,,,,,73778.23,34246.32,73656.15,34246.32,73778.23,34246.32
gfx1151-ROCm0-Ornith-1.0-35B-Q8_0,tg128,d16384,4,5.68,0.04,7.48,8.74,90.67,0.94,25.33,1.70,,,,,,
gfx1151-ROCm0-Qwen3.6-27B-MTP-Q8_0,pp2048,d0,1,283.59,1.57,283.59,1.57,,,,,6962.86,291.94,6627.63,291.94,6962.86,291.94
gfx1151-ROCm0-Qwen3.6-27B-MTP-Q8_0,tg128,d0,1,17.05,0.50,17.05,0.50,27.67,1.70,27.67,1.70,,,,,,
gfx1151-ROCm0-Qwen3.6-27B-MTP-Q8_0,pp2048,d0,2,243.83,17.44,126.49,9.93,,,,,14781.48,1338.83,14446.25,1338.83,14781.48,1338.83
gfx1151-ROCm0-Qwen3.6-27B-MTP-Q8_0,tg128,d0,2,18.89,0.53,9.86,1.03,29.67,0.47,16.83,1.57,,,,,,
gfx1151-ROCm0-Qwen3.6-27B-MTP-Q8_0,pp2048,d0,4,232.32,7.47,64.52,6.43,,,,,29001.85,2749.92,28666.62,2749.92,29001.85,2749.92
gfx1151-ROCm0-Qwen3.6-27B-MTP-Q8_0,tg128,d0,4,17.40,0.56,5.18,0.53,38.67,1.25,13.58,2.50,,,,,,
gfx1151-ROCm0-Qwen3.6-27B-MTP-Q8_0,pp2048,d8192,1,259.28,6.73,259.28,6.73,,,,,35994.14,1050.00,35658.91,1050.00,35994.14,1050.00
gfx1151-ROCm0-Qwen3.6-27B-MTP-Q8_0,tg128,d8192,1,17.56,0.75,17.56,0.75,26.67,0.47,26.67,0.47,,,,,,
gfx1151-ROCm0-Qwen3.6-27B-MTP-Q8_0,pp2048,d8192,2,221.29,17.39,131.43,21.47,,,,,73465.40,12795.52,73130.17,12795.52,73465.40,12795.52
gfx1151-ROCm0-Qwen3.6-27B-MTP-Q8_0,tg128,d8192,2,7.43,0.78,6.68,2.88,27.00,1.63,16.00,3.21,,,,,,
gfx1151-ROCm0-Qwen3.6-27B-MTP-Q8_0,pp2048,d8192,4,208.31,0.61,91.40,44.17,,,,,122819.13,45828.21,122483.90,45828.21,122819.13,45828.21
gfx1151-ROCm0-Qwen3.6-27B-MTP-Q8_0,tg128,d8192,4,3.80,0.04,2.77,1.90,33.67,1.25,12.25,4.42,,,,,,
gfx1151-ROCm0-Qwen3.6-27B-MTP-Q8_0,pp2048,d16384,1,251.68,0.72,251.68,0.72,,,,,66681.54,436.90,66346.31,436.90,66681.54,436.90
gfx1151-ROCm0-Qwen3.6-27B-MTP-Q8_0,tg128,d16384,1,19.06,1.21,19.06,1.21,28.00,2.94,28.00,2.94,,,,,,
gfx1151-ROCm0-Qwen3.6-27B-MTP-Q8_0,pp2048,d16384,2,220.41,0.33,144.41,33.37,,,,,122511.84,28854.67,122176.61,28854.67,122511.84,28854.67
gfx1151-ROCm0-Qwen3.6-27B-MTP-Q8_0,tg128,d16384,2,3.95,0.05,6.32,4.30,26.33,0.94,17.00,3.61,,,,,,
gfx1151-ROCm0-Qwen3.6-27B-MTP-Q8_0,pp2048,d16384,4,175.13,0.22,92.64,52.19,,,,,237919.22,108658.15,237583.99,108658.15,237919.22,108658.15
gfx1151-ROCm0-Qwen3.6-27B-MTP-Q8_0,tg128,d16384,4,1.79,0.02,2.23,2.53,33.67,1.25,13.42,5.02,,,,,,
gfx1151-ROCm0-Qwen3.6-27B-Q8_0,pp2048,d0,1,329.09,1.68,329.09,1.68,,,,,5989.06,56.29,5695.25,56.29,5989.06,56.29
gfx1151-ROCm0-Qwen3.6-27B-Q8_0,tg128,d0,1,8.27,0.07,8.27,0.07,12.00,0.82,12.00,0.82,,,,,,
gfx1151-ROCm0-Qwen3.6-27B-Q8_0,pp2048,d0,2,289.94,1.45,150.41,5.60,,,,,12622.13,249.77,12328.32,249.77,12622.13,249.77
gfx1151-ROCm0-Qwen3.6-27B-Q8_0,tg128,d0,2,15.45,0.29,7.82,0.24,23.00,1.41,11.83,0.90,,,,,,
gfx1151-ROCm0-Qwen3.6-27B-Q8_0,pp2048,d0,4,273.44,0.60,75.69,7.41,,,,,25325.65,2331.21,25031.84,2331.21,25325.65,2331.21
gfx1151-ROCm0-Qwen3.6-27B-Q8_0,tg128,d0,4,21.91,0.69,6.49,0.67,40.33,2.87,11.67,2.21,,,,,,
gfx1151-ROCm0-Qwen3.6-27B-Q8_0,pp2048,d8192,1,303.26,0.51,303.26,0.51,,,,,31136.85,101.74,30843.04,101.74,31136.85,101.74
gfx1151-ROCm0-Qwen3.6-27B-Q8_0,tg128,d8192,1,8.03,0.13,8.03,0.13,11.00,0.00,11.00,0.00,,,,,,
gfx1151-ROCm0-Qwen3.6-27B-Q8_0,pp2048,d8192,2,271.99,0.14,160.34,22.59,,,,,59419.65,8829.96,59125.84,8829.96,59419.65,8829.96
gfx1151-ROCm0-Qwen3.6-27B-Q8_0,tg128,d8192,2,7.71,0.25,5.73,1.78,19.00,1.41,10.33,0.47,,,,,,
gfx1151-ROCm0-Qwen3.6-27B-Q8_0,pp2048,d8192,4,235.48,0.20,101.95,47.17,,,,,108675.81,40545.07,108382.00,40545.07,108675.81,40545.07
gfx1151-ROCm0-Qwen3.6-27B-Q8_0,tg128,d8192,4,4.30,0.03,3.06,2.06,29.67,0.94,8.92,0.49,,,,,,
gfx1151-ROCm0-Qwen3.6-27B-Q8_0,pp2048,d16384,1,286.72,0.35,286.72,0.35,,,,,58281.15,379.25,57987.34,379.25,58281.15,379.25
gfx1151-ROCm0-Qwen3.6-27B-Q8_0,tg128,d16384,1,7.97,0.10,7.97,0.10,11.00,0.00,11.00,0.00,,,,,,
gfx1151-ROCm0-Qwen3.6-27B-Q8_0,pp2048,d16384,2,246.24,0.22,162.16,39.47,,,,,109857.09,26090.31,109563.28,26090.31,109857.09,26090.31
gfx1151-ROCm0-Qwen3.6-27B-Q8_0,tg128,d16384,2,3.92,0.05,4.63,2.62,19.33,0.94,10.50,0.76,,,,,,
gfx1151-ROCm0-Qwen3.6-27B-Q8_0,pp2048,d16384,4,197.38,0.26,103.91,58.74,,,,,212652.45,96526.29,212358.64,96526.29,212652.45,96526.29
gfx1151-ROCm0-Qwen3.6-27B-Q8_0,tg128,d16384,4,1.99,0.00,2.14,2.23,29.00,0.82,8.42,0.76,,,,,,
gfx1151-ROCm0-Qwen3.6-35B-A3B-Q8_0,pp2048,d0,1,948.88,5.50,948.88,5.50,,,,,2159.36,54.69,2006.23,54.69,2159.36,54.69
gfx1151-ROCm0-Qwen3.6-35B-A3B-Q8_0,tg128,d0,1,52.36,4.11,52.36,4.11,61.00,7.12,61.00,7.12,,,,,,
gfx1151-ROCm0-Qwen3.6-35B-A3B-Q8_0,pp2048,d0,2,853.12,10.26,447.34,13.45,,,,,4248.91,173.14,4095.78,173.14,4248.91,173.14
gfx1151-ROCm0-Qwen3.6-35B-A3B-Q8_0,tg128,d0,2,65.49,13.50,33.21,7.11,74.33,14.66,38.17,9.10,,,,,,
gfx1151-ROCm0-Qwen3.6-35B-A3B-Q8_0,pp2048,d0,4,830.87,2.00,231.01,22.62,,,,,8324.97,750.42,8171.84,750.42,8324.97,750.42
gfx1151-ROCm0-Qwen3.6-35B-A3B-Q8_0,tg128,d0,4,77.70,1.13,23.76,2.87,120.00,3.74,30.58,1.93,,,,,,
gfx1151-ROCm0-Qwen3.6-35B-A3B-Q8_0,pp2048,d8192,1,912.49,5.12,912.49,5.12,,,,,10276.94,144.09,10123.81,144.09,10276.94,144.09
gfx1151-ROCm0-Qwen3.6-35B-A3B-Q8_0,tg128,d8192,1,45.47,0.16,45.47,0.16,48.33,0.94,48.33,0.94,,,,,,
gfx1151-ROCm0-Qwen3.6-35B-A3B-Q8_0,pp2048,d8192,2,878.60,6.24,514.62,70.05,,,,,18552.32,2592.80,18399.19,2592.80,18552.32,2592.80
gfx1151-ROCm0-Qwen3.6-35B-A3B-Q8_0,tg128,d8192,2,30.15,0.33,25.02,9.79,75.33,2.62,38.50,1.89,,,,,,
gfx1151-ROCm0-Qwen3.6-35B-A3B-Q8_0,pp2048,d8192,4,866.70,2.24,344.13,139.39,,,,,31157.02,10114.59,31003.89,10114.59,31157.02,10114.59
gfx1151-ROCm0-Qwen3.6-35B-A3B-Q8_0,tg128,d8192,4,16.97,0.11,11.94,7.68,103.00,0.00,27.25,1.16,,,,,,
gfx1151-ROCm0-Qwen3.6-35B-A3B-Q8_0,pp2048,d16384,1,848.17,1.81,848.17,1.81,,,,,19835.26,120.53,19682.13,120.53,19835.26,120.53
gfx1151-ROCm0-Qwen3.6-35B-A3B-Q8_0,tg128,d16384,1,44.65,0.72,44.65,0.72,48.33,1.25,48.33,1.25,,,,,,
gfx1151-ROCm0-Qwen3.6-35B-A3B-Q8_0,pp2048,d16384,2,833.68,6.17,528.50,109.69,,,,,33107.30,6878.01,32954.17,6878.01,33107.30,6878.01
gfx1151-ROCm0-Qwen3.6-35B-A3B-Q8_0,tg128,d16384,2,15.42,0.21,20.55,12.78,70.33,1.89,36.00,1.15,,,,,,
gfx1151-ROCm0-Qwen3.6-35B-A3B-Q8_0,pp2048,d16384,4,826.97,1.75,363.40,165.51,,,,,54775.47,20409.62,54622.34,20409.62,54775.47,20409.62
gfx1151-ROCm0-Qwen3.6-35B-A3B-Q8_0,tg128,d16384,4,9.23,0.03,9.16,8.69,97.33,2.49,27.00,2.12,,,,,,
gfx1151-ROCm0-gemma-4-31B-it-BF16,pp2048,d0,1,299.01,2.09,299.01,2.09,,,,,7210.74,115.40,6260.19,115.40,8114.39,115.09
gfx1151-ROCm0-gemma-4-31B-it-BF16,tg128,d0,1,3.78,0.17,3.78,0.17,10.33,1.89,10.33,1.89,,,,,,
gfx1151-ROCm0-gemma-4-31B-it-BF16,pp2048,d0,2,223.85,1.88,128.39,3.42,,,,,15381.58,283.74,14431.03,283.74,16396.26,235.54
gfx1151-ROCm0-gemma-4-31B-it-BF16,tg128,d0,2,7.03,0.27,3.54,0.35,14.33,1.89,7.83,2.85,,,,,,
gfx1151-ROCm0-gemma-4-31B-it-BF16,pp2048,d0,4,215.37,0.76,62.46,6.05,,,,,30905.52,2948.90,29954.97,2948.90,34009.29,834.79
gfx1151-ROCm0-gemma-4-31B-it-BF16,tg128,d0,4,14.07,0.20,3.60,0.39,27.67,3.68,10.17,2.67,,,,,,
gfx1151-ROCm0-gemma-4-31B-it-BF16,pp2048,d8192,1,247.25,1.10,247.25,1.10,,,,,38608.35,325.28,37657.80,325.28,39573.57,328.49
gfx1151-ROCm0-gemma-4-31B-it-BF16,tg128,d8192,1,3.62,0.09,3.62,0.09,9.00,0.00,9.00,0.00,,,,,,
gfx1151-ROCm0-gemma-4-31B-it-BF16,pp2048,d8192,2,207.33,0.38,127.04,20.78,,,,,76143.68,12510.86,75193.13,12510.86,87234.18,2411.88
gfx1151-ROCm0-gemma-4-31B-it-BF16,tg128,d8192,2,6.40,0.11,3.45,0.21,15.00,1.41,9.00,0.00,,,,,,
gfx1151-ROCm0-gemma-4-31B-it-BF16,pp2048,d8192,4,172.05,0.27,78.40,39.98,,,,,146099.47,56363.47,145148.92,56363.47,172251.96,45962.28
gfx1151-ROCm0-gemma-4-31B-it-BF16,tg128,d8192,4,3.61,0.06,2.12,0.94,22.00,0.82,8.00,1.73,,,,,,
gfx1151-ROCm0-gemma-4-31B-it-BF16,pp2048,d16384,1,222.47,0.37,222.47,0.37,,,,,76089.79,724.98,75139.24,724.98,77063.69,723.35
gfx1151-ROCm0-gemma-4-31B-it-BF16,tg128,d16384,1,3.56,0.26,3.56,0.26,9.67,0.94,9.67,0.94,,,,,,
gfx1151-ROCm0-gemma-4-31B-it-BF16,pp2048,d16384,2,180.04,0.42,122.63,32.06,,,,,147678.12,37756.66,146727.57,37756.66,167871.44,18579.29
gfx1151-ROCm0-gemma-4-31B-it-BF16,tg128,d16384,2,3.68,0.18,2.68,0.74,16.00,2.45,10.33,2.98,,,,,,
gfx1151-ROCm0-gemma-4-31B-it-BF16,pp2048,d16384,4,136.52,0.17,75.92,45.15,,,,,298731.89,142016.81,297781.34,142016.81,336527.29,132042.04
gfx1151-ROCm0-gemma-4-31B-it-BF16,tg128,d16384,4,1.50,0.06,1.24,0.87,25.00,4.32,7.58,2.29,,,,,,
gfx1151-TheDrummer_Skyfall-31B-v4.2-Q6_K,pp2048,d0,1,179.08,1.98,179.08,1.98,,,,,10825.55,311.73,10645.71,311.73,10825.55,311.73
gfx1151-TheDrummer_Skyfall-31B-v4.2-Q6_K,tg128,d0,1,8.64,0.07,8.64,0.07,12.33,0.47,12.33,0.47,,,,,,
gfx1151-TheDrummer_Skyfall-31B-v4.2-Q6_K,pp2048,d0,2,174.22,1.18,123.07,36.60,,,,,16536.47,4639.50,16356.63,4639.50,16536.47,4639.50
gfx1151-TheDrummer_Skyfall-31B-v4.2-Q6_K,tg128,d0,2,10.67,0.35,6.92,1.54,22.67,1.25,11.83,2.11,,,,,,
gfx1151-TheDrummer_Skyfall-31B-v4.2-Q6_K,pp2048,d0,4,174.85,0.87,80.87,40.16,,,,,28530.61,11356.25,28350.77,11356.25,28530.61,11356.25
gfx1151-TheDrummer_Skyfall-31B-v4.2-Q6_K,tg128,d0,4,10.50,0.79,4.72,1.65,35.67,1.25,9.83,1.21,,,,,,
gfx1151-TheDrummer_Skyfall-31B-v4.2-Q6_K,pp2048,d8192,1,162.98,0.84,162.98,0.84,,,,,56281.93,671.10,56102.09,671.10,56281.93,671.10
gfx1151-TheDrummer_Skyfall-31B-v4.2-Q6_K,tg128,d8192,1,8.28,0.29,8.28,0.29,11.33,2.62,11.33,2.62,,,,,,
gfx1151-TheDrummer_Skyfall-31B-v4.2-Q6_K,pp2048,d8192,2,161.09,0.23,113.63,32.26,,,,,88875.62,25895.62,88695.78,25895.62,88875.62,25895.62
gfx1151-TheDrummer_Skyfall-31B-v4.2-Q6_K,tg128,d8192,2,3.84,0.10,4.72,2.77,20.00,1.63,10.83,1.67,,,,,,
gfx1151-TheDrummer_Skyfall-31B-v4.2-Q6_K,pp2048,d8192,4,160.72,0.30,77.60,39.77,,,,,148428.56,61459.24,148248.72,61459.24,148428.56,61459.24
gfx1151-TheDrummer_Skyfall-31B-v4.2-Q6_K,tg128,d8192,4,2.62,0.31,2.33,2.02,27.00,2.16,8.72,1.03,,,,,,
gfx1151-TheDrummer_Skyfall-31B-v4.2-Q6_K,pp2048,d16384,1,145.53,0.64,145.53,0.64,,,,,115351.60,1854.73,115171.76,1854.73,115351.60,1854.73
gfx1151-TheDrummer_Skyfall-31B-v4.2-Q6_K,tg128,d16384,1,7.93,0.14,7.93,0.14,11.00,0.82,11.00,0.82,,,,,,
gfx1151-TheDrummer_Skyfall-31B-v4.2-Q6_K,pp2048,d16384,2,144.15,0.41,102.42,30.62,,,,,177625.24,52333.47,177445.40,52333.47,177625.24,52333.47
gfx1151-TheDrummer_Skyfall-31B-v4.2-Q6_K,tg128,d16384,2,2.21,0.05,4.06,2.96,18.33,0.47,10.50,0.96,,,,,,
gfx1151-TheDrummer_Skyfall-31B-v4.2-Q6_K,pp2048,d16384,4,142.16,0.09,72.44,40.06,,,,,296341.76,129615.49,296161.92,129615.49,296341.76,129615.49
gfx1151-TheDrummer_Skyfall-31B-v4.2-Q6_K,tg128,d16384,4,1.45,0.02,1.72,1.89,27.00,0.82,8.33,1.84,,,,,,
gfx1151-gemma-4-26B-A4B-it-UD-Q6_K_XL,pp2048,d0,1,868.61,10.84,868.61,10.84,,,,,2155.92,42.84,2073.61,42.84,2226.33,43.15
gfx1151-gemma-4-26B-A4B-it-UD-Q6_K_XL,tg128,d0,1,47.42,2.27,47.42,2.27,54.67,7.85,54.67,7.85,,,,,,
gfx1151-gemma-4-26B-A4B-it-UD-Q6_K_XL,pp2048,d0,2,715.11,3.26,375.73,15.93,,,,,5024.17,140.30,4941.86,140.30,5174.35,124.44
gfx1151-gemma-4-26B-A4B-it-UD-Q6_K_XL,tg128,d0,2,70.05,2.94,35.20,2.69,79.00,5.72,41.17,6.04,,,,,,
gfx1151-gemma-4-26B-A4B-it-UD-Q6_K_XL,pp2048,d0,4,739.48,3.13,205.42,14.33,,,,,9207.58,760.40,9125.28,760.40,10014.19,116.31
gfx1151-gemma-4-26B-A4B-it-UD-Q6_K_XL,tg128,d0,4,100.89,5.24,25.70,3.46,123.67,8.34,33.83,8.10,,,,,,
gfx1151-gemma-4-26B-A4B-it-UD-Q6_K_XL,pp2048,d8192,1,847.54,4.39,847.54,4.39,,,,,10916.94,143.54,10834.64,143.54,10991.84,143.52
gfx1151-gemma-4-26B-A4B-it-UD-Q6_K_XL,tg128,d8192,1,44.42,2.45,44.42,2.45,49.33,5.44,49.33,5.44,,,,,,
gfx1151-gemma-4-26B-A4B-it-UD-Q6_K_XL,pp2048,d8192,2,839.16,1.05,492.59,68.19,,,,,19434.25,2737.93,19351.95,2737.93,22100.94,192.78
gfx1151-gemma-4-26B-A4B-it-UD-Q6_K_XL,tg128,d8192,2,61.52,2.12,32.30,2.08,76.33,4.50,40.50,1.50,,,,,,
gfx1151-gemma-4-26B-A4B-it-UD-Q6_K_XL,pp2048,d8192,4,852.24,1.62,335.96,123.67,,,,,31242.41,10072.45,31160.10,10072.45,36017.65,7948.54
gfx1151-gemma-4-26B-A4B-it-UD-Q6_K_XL,tg128,d8192,4,21.60,0.45,13.90,7.06,99.33,7.13,27.25,3.77,,,,,,
gfx1151-gemma-4-26B-A4B-it-UD-Q6_K_XL,pp2048,d16384,1,831.05,6.68,831.05,6.68,,,,,20159.91,36.72,20077.61,36.72,20237.35,36.80
gfx1151-gemma-4-26B-A4B-it-UD-Q6_K_XL,tg128,d16384,1,45.60,4.33,45.60,4.33,54.67,9.18,54.67,9.18,,,,,,
gfx1151-gemma-4-26B-A4B-it-UD-Q6_K_XL,pp2048,d16384,2,808.22,3.19,536.97,130.43,,,,,32850.57,8001.76,32768.26,8001.76,36395.03,4573.52
gfx1151-gemma-4-26B-A4B-it-UD-Q6_K_XL,tg128,d16384,2,20.67,1.10,20.64,10.14,67.67,3.40,35.67,2.92,,,,,,
gfx1151-gemma-4-26B-A4B-it-UD-Q6_K_XL,pp2048,d16384,4,804.80,1.66,364.11,171.39,,,,,55245.48,21361.23,55163.18,21361.23,60093.40,19108.42
gfx1151-gemma-4-26B-A4B-it-UD-Q6_K_XL,tg128,d16384,4,9.97,0.17,8.66,6.80,89.00,2.83,26.08,3.38,,,,,,
gfx1151-gemma-4-26B-A4B-it-UD-Q8_K_XL,pp2048,d0,1,850.26,12.84,850.26,12.84,,,,,2265.71,74.61,2180.76,74.61,2343.95,74.57
gfx1151-gemma-4-26B-A4B-it-UD-Q8_K_XL,tg128,d0,1,41.47,1.38,41.47,1.38,46.67,1.25,46.67,1.25,,,,,,
gfx1151-gemma-4-26B-A4B-it-UD-Q8_K_XL,pp2048,d0,2,698.58,3.11,368.52,7.46,,,,,5191.57,121.78,5106.62,121.78,5368.51,93.30
gfx1151-gemma-4-26B-A4B-it-UD-Q8_K_XL,tg128,d0,2,62.67,3.85,31.49,3.30,76.00,10.71,38.67,9.45,,,,,,
gfx1151-gemma-4-26B-A4B-it-UD-Q8_K_XL,pp2048,d0,4,720.33,3.02,201.11,18.44,,,,,9416.30,783.26,9331.35,783.26,10262.25,146.11
gfx1151-gemma-4-26B-A4B-it-UD-Q8_K_XL,tg128,d0,4,80.76,3.35,20.57,2.52,104.00,9.27,27.42,6.63,,,,,,
gfx1151-gemma-4-26B-A4B-it-UD-Q8_K_XL,pp2048,d8192,1,824.21,2.97,824.21,2.97,,,,,11243.02,71.68,11158.07,71.68,11325.48,72.03
gfx1151-gemma-4-26B-A4B-it-UD-Q8_K_XL,tg128,d8192,1,39.85,0.74,39.85,0.74,46.33,2.49,46.33,2.49,,,,,,
gfx1151-gemma-4-26B-A4B-it-UD-Q8_K_XL,pp2048,d8192,2,818.44,2.89,478.90,66.49,,,,,19761.05,2709.77,19676.10,2709.77,22400.73,268.76
gfx1151-gemma-4-26B-A4B-it-UD-Q8_K_XL,tg128,d8192,2,56.43,3.23,29.53,2.37,88.00,20.61,45.67,10.48,,,,,,
gfx1151-gemma-4-26B-A4B-it-UD-Q8_K_XL,pp2048,d8192,4,832.29,2.27,331.05,125.00,,,,,31891.70,10373.53,31806.75,10373.53,36761.46,8162.33
gfx1151-gemma-4-26B-A4B-it-UD-Q8_K_XL,tg128,d8192,4,20.90,0.56,12.46,5.97,85.33,2.36,23.67,3.52,,,,,,
gfx1151-gemma-4-26B-A4B-it-UD-Q8_K_XL,pp2048,d16384,1,810.49,4.10,810.49,4.10,,,,,20568.97,38.29,20484.02,38.29,20652.99,37.54
gfx1151-gemma-4-26B-A4B-it-UD-Q8_K_XL,tg128,d16384,1,37.96,0.93,37.96,0.93,42.67,1.89,42.67,1.89,,,,,,
gfx1151-gemma-4-26B-A4B-it-UD-Q8_K_XL,pp2048,d16384,2,790.82,1.19,528.82,130.48,,,,,33694.00,8362.68,33609.05,8362.68,37317.78,4874.39
gfx1151-gemma-4-26B-A4B-it-UD-Q8_K_XL,tg128,d16384,2,19.42,1.72,18.89,9.28,64.33,6.34,34.83,4.45,,,,,,
gfx1151-gemma-4-26B-A4B-it-UD-Q8_K_XL,pp2048,d16384,4,786.12,0.54,359.98,169.68,,,,,55949.14,21894.28,55864.19,21894.28,61482.35,19831.52
gfx1151-gemma-4-26B-A4B-it-UD-Q8_K_XL,tg128,d16384,4,9.79,0.32,8.01,5.88,77.33,3.09,25.25,5.46,,,,,,
gfx1151-gemma-4-26B-A4B-it-qat-q4_0,pp2048,d0,1,935.52,16.24,935.52,16.24,,,,,2119.97,29.96,1911.48,29.96,2142.31,16.24
gfx1151-gemma-4-26B-A4B-it-qat-q4_0,tg128,d0,1,69.83,4.21,69.83,4.21,81.67,8.50,81.67,8.50,,,,,,
gfx1151-gemma-4-26B-A4B-it-qat-q4_0,pp2048,d0,2,793.66,11.53,426.25,10.14,,,,,4638.10,112.71,4429.60,112.71,4746.91,96.96
gfx1151-gemma-4-26B-A4B-it-qat-q4_0,tg128,d0,2,96.62,4.80,48.57,2.93,110.00,5.10,56.17,5.40,,,,,,
gfx1151-gemma-4-26B-A4B-it-qat-q4_0,pp2048,d0,4,53436.09,29291.85,26420.86,24959.20,,,,,186.45,154.69,54.63,112.21,186.45,154.69
gfx1151-gemma-4-26B-A4B-it-qat-q4_0,tg128,d0,4,23.22,2.50,5.81,0.66,164.00,0.00,42.00,1.58,,,,,,
gfx1151-gemma-4-26B-A4B-it-qat-q4_0,pp2048,d8192,1,1006.22,0.00,1006.22,0.00,,,,,3135.85,4249.74,2979.13,4213.13,3152.45,4273.23
gfx1151-gemma-4-26B-A4B-it-qat-q4_0,tg128,d8192,1,26.41,28.88,26.41,28.88,68.33,8.73,68.33,8.73,,,,,,
gfx1151-gemma-4-26B-A4B-it-qat-q4_0,pp2048,d8192,2,90677.63,63457.44,559.13,72.05,,,,,5728.40,8018.39,5568.00,7984.85,6379.76,8832.78
gfx1151-gemma-4-26B-A4B-it-qat-q4_0,tg128,d8192,2,33.08,29.27,18.40,17.64,103.33,4.78,53.33,4.42,,,,,,
gfx1151-gemma-4-26B-A4B-it-qat-q4_0,pp2048,d8192,4,141976.53,102560.10,365.96,141.30,,,,,9805.25,14608.80,9621.50,14592.47,11230.40,16186.74
gfx1151-gemma-4-26B-A4B-it-qat-q4_0,tg128,d8192,4,19.99,3.71,8.67,7.83,153.00,15.56,39.25,4.64,,,,,,
gfx1151-gemma-4-26B-A4B-it-qat-q4_0,pp2048,d16384,1,949.93,3.12,949.93,3.12,,,,,17742.92,130.98,17534.42,130.98,17804.85,131.58
gfx1151-gemma-4-26B-A4B-it-qat-q4_0,tg128,d16384,1,61.28,0.92,61.28,0.92,66.67,1.70,66.67,1.70,,,,,,
gfx1151-gemma-4-26B-A4B-it-qat-q4_0,pp2048,d16384,2,911.86,0.69,582.34,120.35,,,,,30290.37,6365.89,30081.87,6365.89,33608.99,3136.94
gfx1151-gemma-4-26B-A4B-it-qat-q4_0,tg128,d16384,2,28.74,0.31,27.64,13.24,91.67,2.87,46.50,2.43,,,,,,
gfx1151-gemma-4-26B-A4B-it-qat-q4_0,pp2048,d16384,4,127577.70,179162.22,388.48,168.20,,,,,33902.56,28310.26,33710.93,28290.16,37273.77,29590.04
gfx1151-gemma-4-26B-A4B-it-qat-q4_0,tg128,d16384,4,12.55,1.26,8.45,7.65,134.67,22.60,35.83,5.32,,,,,,
gfx1151-gemma-4-31B-it-BF16,pp2048,d0,1,64.79,1.27,64.79,1.27,,,,,29632.39,27.61,28913.18,27.61,30524.59,29.27
gfx1151-gemma-4-31B-it-BF16,tg128,d0,1,3.73,0.25,3.73,0.25,9.00,3.27,9.00,3.27,,,,,,
gfx1151-gemma-4-31B-it-BF16,pp2048,d0,2,61.40,0.07,31.78,0.46,,,,,59593.00,1199.26,58873.78,1199.26,60781.34,1153.54
gfx1151-gemma-4-31B-it-BF16,tg128,d0,2,7.53,0.53,3.79,0.34,16.33,1.70,11.00,2.00,,,,,,
gfx1151-gemma-4-31B-it-BF16,pp2048,d0,4,62.92,0.16,17.31,1.52,,,,,109407.10,9125.89,108687.88,9125.89,118190.98,921.23
gfx1151-gemma-4-31B-it-BF16,tg128,d0,4,11.80,0.80,3.01,0.35,22.00,3.56,7.50,2.29,,,,,,
gfx1151-gemma-4-31B-it-BF16,pp2048,d8192,1,657.17,835.20,657.17,835.20,,,,,95446.56,64318.73,94727.34,64318.73,96042.07,64732.86
gfx1151-gemma-4-31B-it-BF16,tg128,d8192,1,2.79,1.12,2.79,1.12,14.00,10.03,14.00,10.03,,,,,,
gfx1151-gemma-4-31B-it-BF16,pp2048,d8192,2,75.67,1.25,43.94,5.84,,,,,214828.33,28967.98,214109.11,28967.98,242963.66,6108.89
gfx1151-gemma-4-31B-it-BF16,tg128,d8192,2,6.98,0.34,3.66,0.38,16.00,2.16,10.33,1.89,,,,,,
gfx1151-gemma-4-31B-it-BF16,pp2048,d8192,4,77.35,0.15,31.18,12.36,,,,,343184.95,114744.67,342465.73,114744.67,397613.58,90277.12
gfx1151-gemma-4-31B-it-BF16,tg128,d8192,4,2.15,0.07,1.86,1.15,20.67,2.05,7.83,2.03,,,,,,
gfx1151-gemma-4-31B-it-BF16,pp2048,d16384,1,868.48,1122.77,868.48,1122.77,,,,,150991.40,101442.78,150272.18,101442.78,151563.17,101846.02
gfx1151-gemma-4-31B-it-BF16,tg128,d16384,1,2.75,1.33,2.75,1.33,16.33,7.72,16.33,7.72,,,,,,
gfx1151-gemma-4-31B-it-BF16,pp2048,d16384,2,65891.17,93043.44,60.71,0.16,,,,,241949.54,187078.02,134564.07,134564.07,174693.68,174524.42
gfx1151-gemma-4-31B-it-BF16,tg128,d16384,2,0.35,0.43,0.26,0.22,19.33,25.93,14.50,13.50,,,,,,
gfx1151-gemma-4-31B-it-BF16,pp2048,d16384,4,651.12,818.74,175.79,203.35,,,,,429667.38,339382.43,428948.16,339382.43,470435.71,353803.81
gfx1151-gemma-4-31B-it-BF16,tg128,d16384,4,0.98,0.06,0.83,0.90,50.00,41.82,14.75,9.47,,,,,,
gfx1151-gemma-4-31B-it-UD-Q4_K_XL,pp2048,d0,1,205.75,1.67,205.75,1.67,,,,,9105.62,136.61,8871.59,136.61,9399.26,137.85
gfx1151-gemma-4-31B-it-UD-Q4_K_XL,tg128,d0,1,11.61,1.59,11.61,1.59,18.33,5.79,18.33,5.79,,,,,,
gfx1151-gemma-4-31B-it-UD-Q4_K_XL,pp2048,d0,2,184.56,1.59,96.14,1.67,,,,,19677.12,323.86,19443.09,323.86,20200.40,215.63
gfx1151-gemma-4-31B-it-UD-Q4_K_XL,tg128,d0,2,22.38,1.42,11.27,1.20,34.00,1.41,17.50,1.89,,,,,,
gfx1151-gemma-4-31B-it-UD-Q4_K_XL,pp2048,d0,4,191.08,0.42,52.68,3.66,,,,,35664.36,2947.69,35430.33,2947.69,38667.14,292.73
gfx1151-gemma-4-31B-it-UD-Q4_K_XL,tg128,d0,4,35.61,3.05,9.09,1.42,54.00,8.16,14.83,4.45,,,,,,
gfx1151-gemma-4-31B-it-UD-Q4_K_XL,pp2048,d8192,1,197.30,1.75,197.30,1.75,,,,,47037.25,164.77,46803.22,164.77,47350.95,164.35
gfx1151-gemma-4-31B-it-UD-Q4_K_XL,tg128,d8192,1,10.82,0.56,10.82,0.56,15.00,0.82,15.00,0.82,,,,,,
gfx1151-gemma-4-31B-it-UD-Q4_K_XL,pp2048,d8192,2,196.84,0.40,115.78,16.94,,,,,82457.66,11844.74,82223.63,11844.74,94069.87,668.42
gfx1151-gemma-4-31B-it-UD-Q4_K_XL,tg128,d8192,2,17.78,0.26,9.37,0.35,31.00,1.63,16.50,3.77,,,,,,
gfx1151-gemma-4-31B-it-UD-Q4_K_XL,pp2048,d8192,4,198.57,0.24,78.91,30.36,,,,,132827.61,43613.08,132593.58,43613.08,153380.53,34084.93
gfx1151-gemma-4-31B-it-UD-Q4_K_XL,tg128,d8192,4,5.49,0.06,4.40,2.57,39.00,0.00,12.92,2.29,,,,,,
gfx1151-gemma-4-31B-it-UD-Q4_K_XL,pp2048,d16384,1,193.15,0.22,193.15,0.22,,,,,86494.49,240.24,86260.46,240.24,86824.08,242.26
gfx1151-gemma-4-31B-it-UD-Q4_K_XL,tg128,d16384,1,10.36,0.70,10.36,0.70,14.67,1.25,14.67,1.25,,,,,,
gfx1151-gemma-4-31B-it-UD-Q4_K_XL,pp2048,d16384,2,184.36,0.14,125.08,32.33,,,,,142699.65,37188.50,142465.62,37188.50,158236.23,22036.23
gfx1151-gemma-4-31B-it-UD-Q4_K_XL,tg128,d16384,2,4.82,0.13,5.74,3.24,24.67,1.89,14.17,0.90,,,,,,
gfx1151-gemma-4-31B-it-UD-Q4_K_XL,pp2048,d16384,4,180.91,0.37,84.41,42.00,,,,,242825.03,97732.98,242591.01,97732.98,266708.49,89138.02
gfx1151-gemma-4-31B-it-UD-Q4_K_XL,tg128,d16384,4,2.28,0.04,2.51,2.15,33.33,1.70,11.58,1.98,,,,,,
gfx1151-gemma-4-31B-it-UD-Q5_K_XL,pp2048,d0,1,184.71,2.04,184.71,2.04,,,,,10424.53,103.71,10146.97,103.71,10759.06,103.68
gfx1151-gemma-4-31B-it-UD-Q5_K_XL,tg128,d0,1,10.31,0.61,10.31,0.61,17.00,2.16,17.00,2.16,,,,,,
gfx1151-gemma-4-31B-it-UD-Q5_K_XL,pp2048,d0,2,166.61,1.32,86.84,1.43,,,,,21580.89,384.85,21303.33,384.85,22144.41,291.59
gfx1151-gemma-4-31B-it-UD-Q5_K_XL,tg128,d0,2,18.71,0.63,9.42,0.76,30.00,2.94,16.00,2.52,,,,,,
gfx1151-gemma-4-31B-it-UD-Q5_K_XL,pp2048,d0,4,171.13,0.50,47.05,3.33,,,,,39462.87,3070.89,39185.31,3070.89,42653.04,308.24
gfx1151-gemma-4-31B-it-UD-Q5_K_XL,tg128,d0,4,31.65,1.25,8.08,0.81,47.00,5.35,13.50,2.10,,,,,,
gfx1151-gemma-4-31B-it-UD-Q5_K_XL,pp2048,d8192,1,178.37,1.10,178.37,1.10,,,,,51676.35,1038.27,51398.79,1038.27,52028.17,1040.41
gfx1151-gemma-4-31B-it-UD-Q5_K_XL,tg128,d8192,1,9.44,0.67,9.44,0.67,14.67,3.68,14.67,3.68,,,,,,
gfx1151-gemma-4-31B-it-UD-Q5_K_XL,pp2048,d8192,2,176.10,0.48,102.69,14.57,,,,,91713.47,12467.71,91435.91,12467.71,103953.49,701.74
gfx1151-gemma-4-31B-it-UD-Q5_K_XL,tg128,d8192,2,16.55,0.29,8.71,0.76,27.33,4.50,16.00,2.77,,,,,,
gfx1151-gemma-4-31B-it-UD-Q5_K_XL,pp2048,d8192,4,177.42,0.26,70.80,26.63,,,,,149174.30,49474.03,148896.74,49474.03,172664.41,38951.43
gfx1151-gemma-4-31B-it-UD-Q5_K_XL,tg128,d8192,4,5.08,0.14,4.19,2.48,41.33,2.62,13.00,2.55,,,,,,
gfx1151-gemma-4-31B-it-UD-Q5_K_XL,pp2048,d16384,1,173.24,0.41,173.24,0.41,,,,,96246.76,602.67,95969.20,602.67,96640.51,575.30
gfx1151-gemma-4-31B-it-UD-Q5_K_XL,tg128,d16384,1,9.34,0.62,9.34,0.62,13.67,1.89,13.67,1.89,,,,,,
gfx1151-gemma-4-31B-it-UD-Q5_K_XL,pp2048,d16384,2,165.42,0.62,112.65,29.81,,,,,160443.47,42124.24,160165.91,42124.24,177741.01,25264.50
gfx1151-gemma-4-31B-it-UD-Q5_K_XL,tg128,d16384,2,4.12,0.13,5.08,3.02,27.00,2.45,14.00,2.94,,,,,,
gfx1151-gemma-4-31B-it-UD-Q5_K_XL,pp2048,d16384,4,163.23,0.09,75.56,37.81,,,,,271485.75,107731.44,271208.20,107731.44,298422.14,97996.50
gfx1151-gemma-4-31B-it-UD-Q5_K_XL,tg128,d16384,4,2.09,0.09,2.39,2.12,32.33,3.30,11.75,2.38,,,,,,
gfx1151-gemma-4-31B-it-qat-q4_0,pp2048,d0,1,236.66,3.13,236.66,3.13,,,,,8314.45,44.98,7949.05,44.98,8586.56,41.30
gfx1151-gemma-4-31B-it-qat-q4_0,tg128,d0,1,13.04,1.47,13.04,1.47,17.00,3.74,17.00,3.74,,,,,,
gfx1151-gemma-4-31B-it-qat-q4_0,pp2048,d0,2,211.93,0.90,110.60,1.32,,,,,17288.09,221.46,16922.69,221.46,17611.15,218.67
gfx1151-gemma-4-31B-it-qat-q4_0,tg128,d0,2,20.88,0.95,10.52,0.51,28.67,4.99,15.83,3.89,,,,,,
gfx1151-gemma-4-31B-it-qat-q4_0,pp2048,d0,4,215.72,1.76,58.77,4.09,,,,,31837.76,2374.27,31472.37,2374.27,33983.67,536.78
gfx1151-gemma-4-31B-it-qat-q4_0,tg128,d0,4,38.97,1.48,9.95,1.21,57.00,7.79,17.08,4.03,,,,,,
gfx1151-gemma-4-31B-it-qat-q4_0,pp2048,d8192,1,215.23,0.24,215.23,0.24,,,,,42992.48,758.61,42627.08,758.61,43287.82,760.97
gfx1151-gemma-4-31B-it-qat-q4_0,tg128,d8192,1,11.66,0.58,11.66,0.58,17.67,0.47,17.67,0.47,,,,,,
gfx1151-gemma-4-31B-it-qat-q4_0,pp2048,d8192,2,208.61,0.40,122.71,16.97,,,,,77394.90,11107.90,77029.50,11107.90,87575.34,1537.10
gfx1151-gemma-4-31B-it-qat-q4_0,tg128,d8192,2,16.75,1.59,9.21,0.99,25.00,1.41,14.17,1.57,,,,,,
gfx1151-gemma-4-31B-it-qat-q4_0,pp2048,d8192,4,203.65,0.25,81.34,33.11,,,,,130983.92,42899.10,130618.53,42899.10,151147.91,33486.64
gfx1151-gemma-4-31B-it-qat-q4_0,tg128,d8192,4,5.61,0.15,4.61,2.73,39.33,0.47,13.08,2.47,,,,,,
gfx1151-gemma-4-31B-it-qat-q4_0,pp2048,d16384,1,197.96,0.65,197.96,0.65,,,,,84731.94,786.74,84366.54,786.74,85042.77,789.37
gfx1151-gemma-4-31B-it-qat-q4_0,tg128,d16384,1,11.09,0.53,11.09,0.53,15.67,0.47,15.67,0.47,,,,,,
gfx1151-gemma-4-31B-it-qat-q4_0,pp2048,d16384,2,185.28,0.06,120.66,27.92,,,,,145752.95,33236.00,145387.56,33236.00,162410.99,16961.68
gfx1151-gemma-4-31B-it-qat-q4_0,tg128,d16384,2,5.83,0.66,6.24,3.38,26.33,4.99,14.67,2.87,,,,,,
gfx1151-gemma-4-31B-it-qat-q4_0,pp2048,d16384,4,178.15,0.41,81.45,39.04,,,,,248512.91,97278.49,248147.52,97278.49,273755.27,87542.91
gfx1151-gemma-4-31B-it-qat-q4_0,tg128,d16384,4,2.23,0.06,2.50,2.21,31.67,2.49,11.25,1.09,,,,,,
gfx1151-qwen3.5-122B-A10B-Q5_K_M,pp2048,d0,1,761.32,10.91,761.32,10.91,,,,,8020.41,51.69,2489.41,51.69,8020.41,51.69
gfx1151-qwen3.5-122B-A10B-Q5_K_M,tg128,d0,1,23.38,0.28,23.38,0.28,28.00,0.00,28.00,0.00,,,,,,
gfx1151-qwen3.5-122B-A10B-Q5_K_M,pp2048,d0,2,223.49,1.46,170.97,5.19,,,,,16131.75,277.09,10600.75,277.09,16131.75,277.09
gfx1151-qwen3.5-122B-A10B-Q5_K_M,tg128,d0,2,34.86,0.96,17.63,1.04,44.00,1.41,23.00,3.16,,,,,,
gfx1151-qwen3.5-122B-A10B-Q5_K_M,pp2048,d0,4,189.16,1.41,60.00,5.78,,,,,36640.03,2862.78,31109.03,2862.78,36640.03,2862.78
gfx1151-qwen3.5-122B-A10B-Q5_K_M,tg128,d0,4,30.02,1.48,10.01,1.64,67.33,6.13,17.67,2.29,,,,,,
gfx1151-qwen3.5-122B-A10B-Q5_K_M,pp2048,d8192,1,270.49,1.10,270.49,1.10,,,,,40005.72,464.93,34474.72,464.93,40005.72,464.93
gfx1151-qwen3.5-122B-A10B-Q5_K_M,tg128,d8192,1,22.93,0.58,22.93,0.58,27.00,0.00,27.00,0.00,,,,,,
gfx1151-qwen3.5-122B-A10B-Q5_K_M,pp2048,d8192,2,236.44,2.08,148.55,22.83,,,,,69269.29,9111.09,63738.29,9111.09,69269.29,9111.09
gfx1151-qwen3.5-122B-A10B-Q5_K_M,tg128,d8192,2,10.66,0.39,11.08,5.74,42.00,0.00,21.17,0.37,,,,,,
gfx1151-qwen3.5-122B-A10B-Q5_K_M,pp2048,d8192,4,235.58,0.30,100.15,42.46,,,,,112968.91,37364.55,107437.91,37364.55,112968.91,37364.55
gfx1151-qwen3.5-122B-A10B-Q5_K_M,tg128,d8192,4,5.16,0.03,4.54,3.59,54.00,2.94,14.83,1.14,,,,,,
gfx1151-qwen3.5-122B-A10B-Q5_K_M,pp2048,d16384,1,249.24,0.52,249.24,0.52,,,,,72661.41,352.76,67130.41,352.76,72661.41,352.76
gfx1151-qwen3.5-122B-A10B-Q5_K_M,tg128,d16384,1,22.98,0.30,22.98,0.30,27.33,0.47,27.33,0.47,,,,,,
gfx1151-qwen3.5-122B-A10B-Q5_K_M,pp2048,d16384,2,229.27,0.52,156.98,38.51,,,,,118764.69,27295.55,113233.69,27295.55,118764.69,27295.55
gfx1151-qwen3.5-122B-A10B-Q5_K_M,tg128,d16384,2,4.44,0.25,9.10,6.86,40.33,1.25,20.33,0.75,,,,,,
gfx1151-qwen3.5-122B-A10B-Q5_K_M,pp2048,d16384,4,229.03,0.14,107.83,55.43,,,,,197668.61,76119.52,192137.61,76119.52,197668.61,76119.52
gfx1151-qwen3.5-122B-A10B-Q5_K_M,tg128,d16384,4,2.60,0.00,3.58,4.02,48.67,1.89,14.33,1.70,,,,,,
rtx5090-InternScience-Agents-A1-Q4_K_M,pp2048,d0,1,7859.08,153.93,7859.08,153.93,,,,,341.02,7.69,235.12,7.69,341.02,7.69
rtx5090-InternScience-Agents-A1-Q4_K_M,tg128,d0,1,244.45,5.09,244.45,5.09,248.00,5.15,248.00,5.15,,,,,,
rtx5090-InternScience-Agents-A1-Q4_K_M,pp2048,d0,2,5345.84,163.65,4138.84,1008.54,,,,,586.84,116.50,480.94,116.50,586.84,116.50
rtx5090-InternScience-Agents-A1-Q4_K_M,tg128,d0,2,253.50,6.50,144.75,14.49,276.67,4.78,150.08,11.66,,,,,,
rtx5090-InternScience-Agents-A1-Q4_K_M,pp2048,d0,4,5354.95,99.13,2214.60,746.98,,,,,1038.47,283.11,932.58,283.11,1038.47,283.11
rtx5090-InternScience-Agents-A1-Q4_K_M,tg128,d0,4,270.30,5.43,86.73,14.61,436.00,8.52,109.33,4.29,,,,,,
rtx5090-InternScience-Agents-A1-Q4_K_M,pp2048,d8192,1,6334.23,318.06,6334.23,318.06,,,,,1581.82,58.20,1475.92,58.20,1581.82,58.20
rtx5090-InternScience-Agents-A1-Q4_K_M,tg128,d8192,1,233.44,8.19,233.44,8.19,238.01,8.99,238.01,8.99,,,,,,
rtx5090-InternScience-Agents-A1-Q4_K_M,pp2048,d8192,2,5461.56,72.83,3824.59,1011.63,,,,,2720.84,689.03,2614.94,689.03,2720.84,689.03
rtx5090-InternScience-Agents-A1-Q4_K_M,tg128,d8192,2,122.73,2.73,109.23,47.12,276.00,6.68,146.74,12.63,,,,,,
rtx5090-InternScience-Agents-A1-Q4_K_M,pp2048,d8192,4,5524.96,17.21,2441.61,1084.08,,,,,4604.95,1632.50,4499.05,1632.50,4604.95,1632.50
rtx5090-InternScience-Agents-A1-Q4_K_M,tg128,d8192,4,97.14,2.07,54.08,30.53,420.67,6.02,105.58,4.03,,,,,,
rtx5090-InternScience-Agents-A1-Q4_K_M,pp2048,d16384,1,5247.37,202.98,5247.37,202.98,,,,,3277.53,129.94,3171.63,129.94,3277.53,129.94
rtx5090-InternScience-Agents-A1-Q4_K_M,tg128,d16384,1,214.24,7.76,214.24,7.76,217.92,7.06,217.92,7.06,,,,,,
rtx5090-InternScience-Agents-A1-Q4_K_M,pp2048,d16384,2,4676.84,48.11,3241.34,865.38,,,,,5642.05,1485.05,5536.15,1485.05,5642.05,1485.05
rtx5090-InternScience-Agents-A1-Q4_K_M,tg128,d16384,2,72.12,2.14,92.00,54.95,276.67,3.68,142.76,8.42,,,,,,
rtx5090-InternScience-Agents-A1-Q4_K_M,pp2048,d16384,4,4682.14,14.19,2124.46,955.49,,,,,9524.90,3608.00,9419.00,3608.00,9524.90,3608.00
rtx5090-InternScience-Agents-A1-Q4_K_M,tg128,d16384,4,51.21,0.38,41.70,35.82,404.67,6.65,102.25,3.83,,,,,,
rtx5090-Qwen3.5-9B-Q5_K_M,pp2048,d0,1,7037.87,184.24,7037.87,184.24,,,,,312.43,16.16,261.11,16.16,312.43,16.16
rtx5090-Qwen3.5-9B-Q5_K_M,tg128,d0,1,208.77,10.30,208.77,10.30,212.62,10.48,212.62,10.48,,,,,,
rtx5090-Qwen3.5-9B-Q5_K_M,pp2048,d0,2,5695.64,69.89,3185.31,84.67,,,,,631.86,17.78,580.55,17.78,631.86,17.78
rtx5090-Qwen3.5-9B-Q5_K_M,tg128,d0,2,327.78,7.54,168.10,3.99,330.13,7.55,169.72,4.21,,,,,,
rtx5090-Qwen3.5-9B-Q5_K_M,pp2048,d0,4,5463.99,25.21,1578.80,174.67,,,,,1235.55,112.94,1184.24,112.94,1235.55,112.94
rtx5090-Qwen3.5-9B-Q5_K_M,tg128,d0,4,398.03,1.63,115.41,10.27,509.33,2.62,127.42,2.22,,,,,,
rtx5090-Qwen3.5-9B-Q5_K_M,pp2048,d8192,1,8238.90,16.67,8238.90,16.67,,,,,1174.59,19.02,1123.27,19.02,1174.59,19.02
rtx5090-Qwen3.5-9B-Q5_K_M,tg128,d8192,1,204.55,4.65,204.55,4.65,207.95,4.54,207.95,4.54,,,,,,
rtx5090-Qwen3.5-9B-Q5_K_M,pp2048,d8192,2,7272.67,7.39,4293.96,610.89,,,,,2259.26,298.10,2207.94,298.10,2259.26,298.10
rtx5090-Qwen3.5-9B-Q5_K_M,tg128,d8192,2,193.37,5.31,130.27,31.46,280.33,4.50,151.66,12.40,,,,,,
rtx5090-Qwen3.5-9B-Q5_K_M,pp2048,d8192,4,6369.01,27.38,2553.74,944.67,,,,,4176.26,1351.92,4124.95,1351.92,4176.26,1351.92
rtx5090-Qwen3.5-9B-Q5_K_M,tg128,d8192,4,121.44,1.20,66.10,35.04,477.33,7.76,120.17,3.34,,,,,,
rtx5090-Qwen3.5-9B-Q5_K_M,pp2048,d16384,1,8008.91,20.06,8008.91,20.06,,,,,2135.07,1.46,2083.76,1.46,2135.07,1.46
rtx5090-Qwen3.5-9B-Q5_K_M,tg128,d16384,1,197.07,4.83,197.07,4.83,200.51,5.12,200.51,5.12,,,,,,
rtx5090-Qwen3.5-9B-Q5_K_M,pp2048,d16384,2,6816.62,29.07,4632.35,1193.18,,,,,3903.62,988.67,3852.31,988.67,3903.62,988.67
rtx5090-Qwen3.5-9B-Q5_K_M,tg128,d16384,2,97.06,3.46,100.98,51.00,272.00,3.56,144.22,10.25,,,,,,
rtx5090-Qwen3.5-9B-Q5_K_M,pp2048,d16384,4,5361.63,7.74,2609.68,1307.86,,,,,8037.68,3344.63,7986.37,3344.63,8037.68,3344.63
rtx5090-Qwen3.5-9B-Q5_K_M,tg128,d16384,4,55.67,0.97,44.81,38.38,434.67,3.30,109.67,3.22,,,,,,
rtx5090-Qwen3.6-27B-Q6_K-MTP,pp2048,d0,1,2764.66,173.94,2764.66,173.94,,,,,798.77,41.28,659.69,41.28,798.77,41.28
rtx5090-Qwen3.6-27B-Q6_K-MTP,tg128,d0,1,118.50,9.69,118.50,9.69,125.33,8.22,125.33,8.22,,,,,,
rtx5090-Qwen3.6-27B-Q6_K-MTP,pp2048,d0,2,2128.41,26.28,1562.02,413.43,,,,,1412.99,329.68,1273.90,329.68,1412.99,329.68
rtx5090-Qwen3.6-27B-Q6_K-MTP,tg128,d0,2,92.14,1.66,53.27,7.60,128.00,2.16,65.83,5.79,,,,,,
rtx5090-Qwen3.6-27B-Q6_K-MTP,pp2048,d0,4,2122.80,5.05,939.04,407.95,,,,,2478.61,836.44,2339.52,836.44,2478.61,836.44
rtx5090-Qwen3.6-27B-Q6_K-MTP,tg128,d0,4,83.65,1.40,26.81,4.70,138.00,2.94,39.83,6.59,,,,,,
rtx5090-Qwen3.6-27B-Q6_K-MTP,pp2048,d8192,1,2169.93,137.90,2169.93,137.90,,,,,4456.68,286.79,4317.59,286.79,4456.68,286.79
rtx5090-Qwen3.6-27B-Q6_K-MTP,tg128,d8192,1,110.30,7.61,110.30,7.61,113.67,6.94,113.67,6.94,,,,,,
rtx5090-Qwen3.6-27B-Q6_K-MTP,pp2048,d8192,2,1859.90,44.62,1287.67,338.40,,,,,7794.74,2067.30,7655.65,2067.30,7794.74,2067.30
rtx5090-Qwen3.6-27B-Q6_K-MTP,tg128,d8192,2,42.71,1.49,39.56,17.99,121.00,6.98,64.00,6.43,,,,,,
rtx5090-Qwen3.6-27B-Q6_K-MTP,pp2048,d8192,4,1798.96,2.54,830.71,400.13,,,,,13786.60,5298.20,13647.52,5298.20,13786.60,5298.20
rtx5090-Qwen3.6-27B-Q6_K-MTP,tg128,d8192,4,29.21,0.63,16.09,8.91,123.00,4.24,36.42,7.20,,,,,,
rtx5090-Qwen3.6-27B-Q6_K-MTP,pp2048,d16384,1,1525.76,107.78,1525.76,107.78,,,,,11100.42,671.81,10961.34,671.81,11100.42,671.81
rtx5090-Qwen3.6-27B-Q6_K-MTP,tg128,d16384,1,96.65,1.46,96.65,1.46,99.67,3.09,99.67,3.09,,,,,,
rtx5090-Qwen3.6-27B-Q6_K-MTP,pp2048,d16384,2,1309.69,30.87,910.82,251.88,,,,,19872.84,5503.85,19733.75,5503.85,19872.84,5503.85
rtx5090-Qwen3.6-27B-Q6_K-MTP,tg128,d16384,2,20.28,1.08,30.14,19.85,99.33,2.87,53.83,3.48,,,,,,
rtx5090-Qwen3.6-27B-Q6_K-MTP,pp2048,d16384,4,1305.50,1.73,617.17,304.94,,,,,33455.43,13429.84,33316.35,13429.84,33455.43,13429.84
rtx5090-Qwen3.6-27B-Q6_K-MTP,tg128,d16384,4,13.70,0.28,12.21,11.21,112.00,7.35,38.17,10.57,,,,,,
rtx5090-Qwen3.6-27B-Q8_0,pp2048,d0,1,3583.91,224.85,3583.91,224.85,,,,,607.68,35.75,531.73,35.75,607.68,35.75
rtx5090-Qwen3.6-27B-Q8_0,tg128,d0,1,54.60,2.67,54.60,2.67,59.67,4.50,59.67,4.50,,,,,,
rtx5090-Qwen3.6-27B-Q8_0,pp2048,d0,2,2512.31,112.99,1721.59,402.01,,,,,1237.09,277.14,1161.14,277.14,1237.09,277.14
rtx5090-Qwen3.6-27B-Q8_0,tg128,d0,2,82.69,3.52,45.12,3.63,104.33,3.40,53.00,3.61,,,,,,
rtx5090-Qwen3.6-27B-Q8_0,pp2048,d0,4,2307.30,97.08,875.39,287.16,,,,,2421.87,678.17,2345.93,678.17,2421.87,678.17
rtx5090-Qwen3.6-27B-Q8_0,tg128,d0,4,111.48,1.94,35.08,4.36,181.00,4.32,46.83,4.49,,,,,,
rtx5090-Qwen3.6-27B-Q8_0,pp2048,d8192,1,2501.53,195.83,2501.53,195.83,,,,,3789.69,243.80,3713.75,243.80,3789.69,243.80
rtx5090-Qwen3.6-27B-Q8_0,tg128,d8192,1,46.31,1.50,46.31,1.50,50.33,2.49,50.33,2.49,,,,,,
rtx5090-Qwen3.6-27B-Q8_0,pp2048,d8192,2,2317.33,74.46,1629.24,464.35,,,,,6319.29,1771.39,6243.35,1771.39,6319.29,1771.39
rtx5090-Qwen3.6-27B-Q8_0,tg128,d8192,2,41.38,0.82,32.43,11.38,93.67,2.49,47.00,1.53,,,,,,
rtx5090-Qwen3.6-27B-Q8_0,pp2048,d8192,4,2452.89,2.74,1430.45,738.99,,,,,9227.71,4561.39,9151.76,4561.39,9227.71,4561.39
rtx5090-Qwen3.6-27B-Q8_0,tg128,d8192,4,10.97,0.11,14.14,22.14,56.00,0.82,15.75,23.25,,,,,,
rtx5090-Qwen3.6-27B-Q8_0,pp2048,d16384,1,2495.32,34.94,2495.32,34.94,,,,,6813.64,100.14,6737.70,100.14,6813.64,100.14
rtx5090-Qwen3.6-27B-Q8_0,tg128,d16384,1,50.02,1.70,50.02,1.70,53.67,2.62,53.67,2.62,,,,,,
rtx5090-Qwen3.6-27B-Q8_0,pp2048,d16384,2,2416.29,1.33,1686.03,473.82,,,,,10790.39,3002.48,10714.44,3002.48,10790.39,3002.48
rtx5090-Qwen3.6-27B-Q8_0,tg128,d16384,2,30.98,1.28,31.16,15.49,98.33,2.62,49.50,1.38,,,,,,
rtx5090-Qwen3.6-27B-Q8_0,pp2048,d16384,4,2618.12,11.39,1341.19,734.90,,,,,17339.08,7465.67,17263.13,7465.67,17339.08,7465.67
rtx5090-Qwen3.6-27B-Q8_0,tg128,d16384,4,6.61,0.09,14.50,22.10,56.33,0.47,17.84,22.35,,,,,,
rtx5090-Qwen3.6-27B-UD-Q4_K_XL,pp2048,d0,1,2566.66,73.90,2566.66,73.90,,,,,813.67,24.76,727.93,24.76,813.67,24.76
rtx5090-Qwen3.6-27B-UD-Q4_K_XL,tg128,d0,1,79.13,2.20,79.13,2.20,83.33,3.30,83.33,3.30,,,,,,
rtx5090-Qwen3.6-27B-UD-Q4_K_XL,pp2048,d0,2,2165.27,3.23,1172.72,28.16,,,,,1689.19,48.49,1603.45,48.49,1689.19,48.49
rtx5090-Qwen3.6-27B-UD-Q4_K_XL,tg128,d0,2,134.75,2.39,68.98,4.36,145.67,4.50,73.33,5.82,,,,,,
rtx5090-Qwen3.6-27B-UD-Q4_K_XL,pp2048,d0,4,625.71,0.00,205.49,5.73,,,,,7356.26,2611.72,8712.93,187.86,8798.67,187.86
rtx5090-Qwen3.6-27B-UD-Q4_K_XL,tg128,d0,4,2.66,0.00,0.10,0.00,10.65,0.00,3.68,1.68,,,,,,
rtx5090-Qwen3.6-27B-UD-Q4_K_XL,pp2048,d8192,1,1014.88,0.00,1014.88,0.00,,,,,9142.99,0.00,9057.25,0.00,9142.99,0.00
rtx5090-Qwen3.6-27B-UD-Q4_K_XL,tg128,d8192,1,75.71,0.00,75.71,0.00,78.00,0.00,78.00,0.00,,,,,,
rtx5090-Qwen3.6-27B-UD-Q4_K_XL,pp2048,d8192,2,2529.59,263.09,1458.06,246.63,,,,,6668.71,1131.39,6582.97,1131.39,6668.71,1131.39
rtx5090-Qwen3.6-27B-UD-Q4_K_XL,tg128,d8192,2,76.28,1.03,52.93,14.39,140.33,2.62,71.17,1.77,,,,,,
rtx5090-Qwen3.6-27B-UD-Q4_K_XL,pp2048,d8192,4,2424.33,44.64,949.88,339.51,,,,,11099.48,3488.94,11013.74,3488.94,11099.48,3488.94
rtx5090-Qwen3.6-27B-UD-Q4_K_XL,tg128,d8192,4,46.54,0.67,26.12,14.21,198.00,2.16,50.42,1.32,,,,,,
rtx5090-Qwen3.6-27B-UD-Q4_K_XL,pp2048,d16384,1,2932.61,21.66,2932.61,21.66,,,,,5791.96,42.79,5706.22,42.79,5791.96,42.79
rtx5090-Qwen3.6-27B-UD-Q4_K_XL,tg128,d16384,1,76.09,0.86,76.09,0.86,78.67,1.70,78.67,1.70,,,,,,
rtx5090-Qwen3.6-27B-UD-Q4_K_XL,pp2048,d16384,2,2605.60,2.38,1732.60,418.34,,,,,10234.58,2469.69,10148.84,2469.69,10234.58,2469.69
rtx5090-Qwen3.6-27B-UD-Q4_K_XL,tg128,d16384,2,39.06,0.58,42.59,23.09,133.67,3.09,67.83,2.85,,,,,,
rtx5090-Qwen3.6-27B-UD-Q4_K_XL,pp2048,d16384,4,2137.59,1.76,1029.80,503.54,,,,,20173.65,8396.24,20087.91,8396.24,20173.65,8396.24
rtx5090-Qwen3.6-27B-UD-Q4_K_XL,tg128,d16384,4,22.18,0.16,18.77,16.72,190.00,1.41,50.00,2.04,,,,,,
rtx5090-Qwen3.6-27B-UD-Q5_K_XL,pp2048,d0,1,2472.67,5.39,2472.67,5.39,,,,,857.20,9.84,759.08,9.84,857.20,9.84
rtx5090-Qwen3.6-27B-UD-Q5_K_XL,tg128,d0,1,71.48,1.85,71.48,1.85,75.67,4.11,75.67,4.11,,,,,,
rtx5090-Qwen3.6-27B-UD-Q5_K_XL,pp2048,d0,2,1015.56,13.58,1515.13,984.88,,,,,2185.67,1375.59,2087.56,1375.59,2185.67,1375.59
rtx5090-Qwen3.6-27B-UD-Q5_K_XL,tg128,d0,2,59.23,0.82,71.00,1.62,77.67,1.70,75.50,3.04,,,,,,
rtx5090-Qwen3.6-27B-UD-Q5_K_XL,pp2048,d0,4,813.08,2.12,856.41,896.01,,,,,5071.55,3127.71,4973.43,3127.71,5071.55,3127.71
rtx5090-Qwen3.6-27B-UD-Q5_K_XL,tg128,d0,4,53.48,1.36,70.44,2.63,77.67,2.49,74.00,3.44,,,,,,
rtx5090-Qwen3.6-27B-UD-Q5_K_XL,pp2048,d8192,1,2910.40,14.71,2910.40,14.71,,,,,3225.37,31.93,3127.25,31.93,3225.37,31.93
rtx5090-Qwen3.6-27B-UD-Q5_K_XL,tg128,d8192,1,69.72,1.42,69.72,1.42,72.67,1.70,72.67,1.70,,,,,,
rtx5090-Qwen3.6-27B-UD-Q5_K_XL,pp2048,d8192,2,2167.96,8.14,1998.34,897.83,,,,,5967.98,2654.94,5869.86,2654.94,5967.98,2654.94
rtx5090-Qwen3.6-27B-UD-Q5_K_XL,tg128,d8192,2,37.29,0.66,67.26,1.02,72.00,0.82,70.83,1.57,,,,,,
rtx5090-Qwen3.6-27B-UD-Q5_K_XL,pp2048,d8192,4,1946.62,5.69,1292.47,955.01,,,,,11245.23,5923.13,11147.11,5923.13,11245.23,5923.13
rtx5090-Qwen3.6-27B-UD-Q5_K_XL,tg128,d8192,4,30.63,0.19,67.85,1.02,72.33,0.47,71.33,1.49,,,,,,
rtx5090-Qwen3.6-27B-UD-Q5_K_XL,pp2048,d16384,1,2909.69,11.24,2909.69,11.24,,,,,5814.54,63.36,5716.42,63.36,5814.54,63.36
rtx5090-Qwen3.6-27B-UD-Q5_K_XL,tg128,d16384,1,65.90,0.21,65.90,0.21,69.67,1.70,69.67,1.70,,,,,,
rtx5090-Qwen3.6-27B-UD-Q5_K_XL,pp2048,d16384,2,2659.27,206.90,2363.04,789.46,,,,,8393.13,3717.91,8295.01,3717.91,8393.13,3717.91
rtx5090-Qwen3.6-27B-UD-Q5_K_XL,tg128,d16384,2,47.85,20.01,67.13,0.64,71.00,1.00,70.33,1.25,,,,,,
rtx5090-Qwen3.6-27B-UD-Q6_K_XL,pp2048,d0,1,3167.90,7.12,3167.90,7.12,,,,,711.54,11.88,595.44,11.88,711.54,11.88
rtx5090-Qwen3.6-27B-UD-Q6_K_XL,tg128,d0,1,60.23,3.97,60.23,3.97,64.33,6.94,64.33,6.94,,,,,,
rtx5090-Qwen3.6-27B-UD-Q6_K_XL,pp2048,d0,2,1030.17,7.47,1854.71,1326.57,,,,,2234.15,1508.24,2118.05,1508.24,2234.15,1508.24
rtx5090-Qwen3.6-27B-UD-Q6_K_XL,tg128,d0,2,52.66,3.38,60.32,5.05,68.33,8.99,64.00,7.79,,,,,,
rtx5090-Qwen3.6-27B-UD-Q6_K_XL,pp2048,d0,4,770.77,2.84,1028.68,1208.61,,,,,5231.25,3367.76,5115.15,3367.76,5231.25,3367.76
rtx5090-Qwen3.6-27B-UD-Q6_K_XL,tg128,d0,4,50.61,0.71,61.63,3.95,77.00,7.79,66.42,7.71,,,,,,
rtx5090-Qwen3.6-27B-UD-Q6_K_XL,pp2048,d8192,1,2934.79,8.79,2934.79,8.79,,,,,3272.61,9.33,3156.51,9.33,3272.61,9.33
rtx5090-Qwen3.6-27B-UD-Q6_K_XL,tg128,d8192,1,57.18,0.66,57.18,0.66,60.00,1.41,60.00,1.41,,,,,,
rtx5090-Qwen3.6-27B-UD-Q6_K_XL,pp2048,d8192,2,2090.32,4.95,2001.66,934.61,,,,,6068.75,2814.72,5952.65,2814.72,6068.75,2814.72
rtx5090-Qwen3.6-27B-UD-Q6_K_XL,tg128,d8192,2,33.88,0.32,56.93,1.29,61.67,1.25,60.00,2.00,,,,,,
rtx5090-Qwen3.6-27B-UD-Q6_K_XL,pp2048,d8192,4,1845.24,2.26,1271.96,980.01,,,,,11736.19,6277.88,11620.09,6277.88,11736.19,6277.88
rtx5090-Qwen3.6-27B-UD-Q6_K_XL,tg128,d8192,4,28.70,0.30,57.91,1.00,62.67,0.47,61.25,1.23,,,,,,
rtx5090-Qwen3.6-27B-UD-Q6_K_XL,pp2048,d16384,1,2839.85,3.32,2839.85,3.32,,,,,6004.79,39.43,5888.69,39.43,6004.79,39.43
rtx5090-Qwen3.6-27B-UD-Q6_K_XL,tg128,d16384,1,57.98,0.32,57.98,0.32,61.33,0.47,61.33,0.47,,,,,,
rtx5090-Qwen3.6-27B-UD-Q6_K_XL,pp2048,d16384,2,2325.75,3.34,2004.15,830.86,,,,,10211.68,4192.32,10095.58,4192.32,10211.68,4192.32
rtx5090-Qwen3.6-27B-UD-Q6_K_XL,tg128,d16384,2,25.55,0.20,56.82,0.72,59.67,0.47,59.50,0.50,,,,,,
rtx5090-Qwen3.6-27B-UD-Q6_K_XL,pp2048,d16384,4,2148.46,1.68,1322.37,905.67,,,,,18517.45,9335.35,18401.35,9335.35,18517.45,9335.35
rtx5090-Qwen3.6-27B-UD-Q6_K_XL,tg128,d16384,4,20.08,0.10,56.75,0.51,61.67,1.25,59.92,1.44,,,,,,
rtx5090-Qwen3.6-27B-UD-Q6_K_XL-131072,pp2048,d0,1,2421.01,16.49,2421.01,16.49,,,,,852.00,2.50,754.37,2.50,852.00,2.50
rtx5090-Qwen3.6-27B-UD-Q6_K_XL-131072,tg128,d0,1,59.83,3.68,59.83,3.68,64.67,7.32,64.67,7.32,,,,,,
rtx5090-Qwen3.6-27B-UD-Q6_K_XL-131072,pp2048,d0,2,930.18,14.79,1450.09,964.83,,,,,2458.88,1594.91,2361.24,1594.91,2458.88,1594.91
rtx5090-Qwen3.6-27B-UD-Q6_K_XL-131072,tg128,d0,2,49.58,1.33,58.48,1.90,63.33,2.05,62.00,2.31,,,,,,
rtx5090-Qwen3.6-27B-UD-Q6_K_XL-131072,pp2048,d0,4,710.85,2.65,815.05,896.22,,,,,5668.56,3563.44,5570.93,3563.44,5668.56,3563.44
rtx5090-Qwen3.6-27B-UD-Q6_K_XL-131072,tg128,d0,4,47.01,0.83,59.63,2.96,70.33,7.13,63.83,5.47,,,,,,
rtx5090-Qwen3.6-27B-UD-Q6_K_XL-131072,pp2048,d8192,1,2721.47,13.38,2721.47,13.38,,,,,3499.71,28.37,3402.07,28.37,3499.71,28.37
rtx5090-Qwen3.6-27B-UD-Q6_K_XL-131072,tg128,d8192,1,57.35,1.52,57.35,1.52,61.67,2.36,61.67,2.36,,,,,,
rtx5090-Qwen3.6-27B-UD-Q6_K_XL-131072,pp2048,d8192,2,1975.40,7.30,1861.73,872.11,,,,,6404.40,2912.44,6306.76,2912.44,6404.40,2912.44
rtx5090-Qwen3.6-27B-UD-Q6_K_XL-131072,tg128,d8192,2,34.06,0.47,58.26,1.32,64.00,1.63,62.50,2.14,,,,,,
rtx5090-Qwen3.6-27B-UD-Q6_K_XL-131072,pp2048,d8192,4,1754.20,2.89,1188.56,899.02,,,,,12313.84,6558.95,12216.20,6558.95,12313.84,6558.95
rtx5090-Qwen3.6-27B-UD-Q6_K_XL-131072,tg128,d8192,4,27.43,0.23,57.19,1.16,63.33,0.94,60.83,2.03,,,,,,
rtx5090-Qwen3.6-27B-UD-Q6_K_XL-131072,pp2048,d16384,1,2716.22,6.41,2716.22,6.41,,,,,6214.62,36.97,6116.99,36.97,6214.62,36.97
rtx5090-Qwen3.6-27B-UD-Q6_K_XL-131072,tg128,d16384,1,55.85,0.39,55.85,0.39,59.67,0.47,59.67,0.47,,,,,,
rtx5090-Qwen3.6-27B-UD-Q6_K_XL-131072,pp2048,d16384,2,2240.99,2.32,1925.48,788.96,,,,,10585.18,4364.45,10487.54,4364.45,10585.18,4364.45
rtx5090-Qwen3.6-27B-UD-Q6_K_XL-131072,tg128,d16384,2,24.56,0.15,56.05,0.42,59.67,0.47,59.33,0.47,,,,,,
rtx5090-Qwen3.6-27B-UD-Q6_K_XL-131072,pp2048,d16384,4,2071.58,3.66,1269.61,863.12,,,,,19199.97,9676.62,19102.33,9676.62,19199.97,9676.62
rtx5090-Qwen3.6-27B-UD-Q6_K_XL-131072,tg128,d16384,4,19.29,0.03,55.99,0.64,60.00,0.00,59.17,1.07,,,,,,
rtx5090-Qwen3.6-35B-A3B-UD-IQ1_M,pp2048,d0,1,8611.76,705.39,8611.76,705.39,,,,,321.75,23.11,221.36,23.11,321.75,23.11
rtx5090-Qwen3.6-35B-A3B-UD-IQ1_M,tg128,d0,1,265.39,3.49,265.39,3.49,271.26,3.58,271.26,3.58,,,,,,
rtx5090-Qwen3.6-35B-A3B-UD-IQ1_M,pp2048,d0,2,5506.65,259.93,4176.21,942.72,,,,,563.23,105.92,462.85,105.92,563.23,105.92
rtx5090-Qwen3.6-35B-A3B-UD-IQ1_M,tg128,d0,2,320.71,6.90,187.09,26.00,323.07,6.96,189.37,25.50,,,,,,
rtx5090-Qwen3.6-35B-A3B-UD-IQ1_M,pp2048,d0,4,5660.44,53.90,2337.55,838.47,,,,,975.65,263.96,875.26,263.96,975.65,263.96
rtx5090-Qwen3.6-35B-A3B-UD-IQ1_M,tg128,d0,4,315.09,4.80,103.93,17.93,525.67,11.59,132.00,4.78,,,,,,
rtx5090-Qwen3.6-35B-A3B-UD-IQ1_M,pp2048,d8192,1,6427.22,292.98,6427.22,292.98,,,,,1530.99,49.52,1430.60,49.52,1530.99,49.52
rtx5090-Qwen3.6-35B-A3B-UD-IQ1_M,tg128,d8192,1,246.32,8.00,246.32,8.00,251.57,7.61,251.57,7.61,,,,,,
rtx5090-Qwen3.6-35B-A3B-UD-IQ1_M,pp2048,d8192,2,5510.14,82.88,3840.08,991.37,,,,,2712.56,683.77,2612.18,683.77,2712.56,683.77
rtx5090-Qwen3.6-35B-A3B-UD-IQ1_M,tg128,d8192,2,131.09,1.10,125.43,59.43,273.33,2.05,160.95,27.37,,,,,,
rtx5090-Qwen3.6-35B-A3B-UD-IQ1_M,pp2048,d8192,4,5586.18,12.23,2457.20,1049.25,,,,,4525.17,1610.44,4424.79,1610.44,4525.17,1610.44
rtx5090-Qwen3.6-35B-A3B-UD-IQ1_M,tg128,d8192,4,99.89,1.18,59.13,36.98,479.33,3.86,120.67,2.13,,,,,,
rtx5090-Qwen3.6-35B-A3B-UD-IQ1_M,pp2048,d16384,1,5217.89,219.29,5217.89,219.29,,,,,3266.40,138.30,3166.02,138.30,3266.40,138.30
rtx5090-Qwen3.6-35B-A3B-UD-IQ1_M,tg128,d16384,1,225.73,3.95,225.73,3.95,230.96,3.48,230.96,3.48,,,,,,
rtx5090-Qwen3.6-35B-A3B-UD-IQ1_M,pp2048,d16384,2,4605.47,15.29,3178.36,842.08,,,,,5708.72,1488.55,5608.34,1488.55,5708.72,1488.55
rtx5090-Qwen3.6-35B-A3B-UD-IQ1_M,tg128,d16384,2,72.75,0.72,102.85,65.64,268.67,4.19,151.51,19.61,,,,,,
rtx5090-Qwen3.6-35B-A3B-UD-IQ1_M,pp2048,d16384,4,4656.06,6.74,2101.38,939.73,,,,,9595.18,3612.44,9494.79,3612.44,9595.18,3612.44
rtx5090-Qwen3.6-35B-A3B-UD-IQ1_M,tg128,d16384,4,50.33,0.57,44.77,41.47,448.67,7.04,113.92,3.35,,,,,,
rtx5090-Qwen3.6-35B-A3B-UD-Q2_K_XL,pp2048,d0,1,7719.01,550.24,7719.01,550.24,,,,,346.26,15.70,247.48,15.70,346.26,15.70
rtx5090-Qwen3.6-35B-A3B-UD-Q2_K_XL,tg128,d0,1,260.27,5.11,260.27,5.11,266.07,5.63,266.07,5.63,,,,,,
rtx5090-Qwen3.6-35B-A3B-UD-Q2_K_XL,pp2048,d0,2,5219.18,92.69,3935.51,915.15,,,,,592.73,114.16,493.96,114.16,592.73,114.16
rtx5090-Qwen3.6-35B-A3B-UD-Q2_K_XL,tg128,d0,2,317.15,9.70,187.25,29.84,319.44,9.75,189.21,29.63,,,,,,
rtx5090-Qwen3.6-35B-A3B-UD-Q2_K_XL,pp2048,d0,4,5419.08,48.52,2281.29,833.87,,,,,1024.62,290.87,925.85,290.87,1024.62,290.87
rtx5090-Qwen3.6-35B-A3B-UD-Q2_K_XL,tg128,d0,4,304.69,4.68,102.46,21.25,530.33,10.50,133.00,10.82,,,,,,
rtx5090-Qwen3.6-35B-A3B-UD-Q2_K_XL,pp2048,d8192,1,6015.16,293.03,6015.16,293.03,,,,,1663.79,88.52,1565.02,88.52,1663.79,88.52
rtx5090-Qwen3.6-35B-A3B-UD-Q2_K_XL,tg128,d8192,1,249.98,14.71,249.98,14.71,254.84,14.33,254.84,14.33,,,,,,
rtx5090-Qwen3.6-35B-A3B-UD-Q2_K_XL,pp2048,d8192,2,5218.04,56.03,3614.24,912.66,,,,,2836.30,709.94,2737.53,709.94,2836.30,709.94
rtx5090-Qwen3.6-35B-A3B-UD-Q2_K_XL,tg128,d8192,2,126.96,3.67,123.03,58.78,272.00,4.90,159.11,25.73,,,,,,
rtx5090-Qwen3.6-35B-A3B-UD-Q2_K_XL,pp2048,d8192,4,5289.41,34.90,2323.49,1003.09,,,,,4746.50,1691.31,4647.73,1691.31,4746.50,1691.31
rtx5090-Qwen3.6-35B-A3B-UD-Q2_K_XL,tg128,d8192,4,96.08,0.84,58.07,36.70,474.67,4.50,119.50,3.04,,,,,,
rtx5090-Qwen3.6-35B-A3B-UD-Q2_K_XL,pp2048,d16384,1,4930.59,196.72,4930.59,196.72,,,,,3479.93,118.59,3381.15,118.59,3479.93,118.59
rtx5090-Qwen3.6-35B-A3B-UD-Q2_K_XL,tg128,d16384,1,225.15,0.27,225.15,0.27,228.67,0.91,228.67,0.91,,,,,,
rtx5090-Qwen3.6-35B-A3B-UD-Q2_K_XL,pp2048,d16384,2,4401.46,43.99,3019.69,777.03,,,,,5965.50,1541.64,5866.72,1541.64,5965.50,1541.64
rtx5090-Qwen3.6-35B-A3B-UD-Q2_K_XL,tg128,d16384,2,71.07,0.25,103.01,67.24,270.00,2.83,152.17,21.64,,,,,,
rtx5090-Qwen3.6-35B-A3B-UD-Q2_K_XL,pp2048,d16384,4,4445.79,11.28,2008.58,912.23,,,,,10005.74,3772.80,9906.97,3772.80,10005.74,3772.80
rtx5090-Qwen3.6-35B-A3B-UD-Q2_K_XL,tg128,d16384,4,48.82,0.35,44.31,41.35,449.67,4.11,114.25,2.31,,,,,,
rtx5090-Qwen3.6-35B-A3B-UD-Q3_K_XL,pp2048,d0,1,8645.45,498.48,8645.45,498.48,,,,,314.02,19.29,212.14,19.29,314.02,19.29
rtx5090-Qwen3.6-35B-A3B-UD-Q3_K_XL,tg128,d0,1,260.16,7.32,260.16,7.32,263.43,8.93,263.43,8.93,,,,,,
rtx5090-Qwen3.6-35B-A3B-UD-Q3_K_XL,pp2048,d0,2,5444.64,274.81,4170.39,1072.03,,,,,582.07,114.78,480.19,114.78,582.07,114.78
rtx5090-Qwen3.6-35B-A3B-UD-Q3_K_XL,tg128,d0,2,311.39,20.55,179.88,20.29,313.59,20.55,181.89,20.03,,,,,,
rtx5090-Qwen3.6-35B-A3B-UD-Q3_K_XL,pp2048,d0,4,5767.78,30.74,2413.58,853.03,,,,,954.50,264.09,852.62,264.09,954.50,264.09
rtx5090-Qwen3.6-35B-A3B-UD-Q3_K_XL,tg128,d0,4,314.93,5.00,104.12,19.06,529.00,5.72,132.42,3.73,,,,,,
rtx5090-Qwen3.6-35B-A3B-UD-Q3_K_XL,pp2048,d8192,1,6457.07,291.16,6457.07,291.16,,,,,1535.19,70.95,1433.32,70.95,1535.19,70.95
rtx5090-Qwen3.6-35B-A3B-UD-Q3_K_XL,tg128,d8192,1,239.04,1.80,239.04,1.80,243.49,1.70,243.49,1.70,,,,,,
rtx5090-Qwen3.6-35B-A3B-UD-Q3_K_XL,pp2048,d8192,2,5525.34,19.61,3841.58,972.99,,,,,2705.13,676.68,2603.25,676.68,2705.13,676.68
rtx5090-Qwen3.6-35B-A3B-UD-Q3_K_XL,tg128,d8192,2,129.37,2.17,121.16,57.38,273.67,3.09,156.28,25.36,,,,,,
rtx5090-Qwen3.6-35B-A3B-UD-Q3_K_XL,pp2048,d8192,4,5614.45,15.10,2454.39,1046.95,,,,,4548.13,1597.41,4446.26,1597.41,4548.13,1597.41
rtx5090-Qwen3.6-35B-A3B-UD-Q3_K_XL,tg128,d8192,4,100.08,0.97,59.02,35.81,484.67,6.18,121.67,2.25,,,,,,
rtx5090-Qwen3.6-35B-A3B-UD-Q3_K_XL,pp2048,d16384,1,5260.86,236.77,5260.86,236.77,,,,,3264.23,152.69,3162.36,152.69,3264.23,152.69
rtx5090-Qwen3.6-35B-A3B-UD-Q3_K_XL,tg128,d16384,1,217.72,7.68,217.72,7.68,222.09,7.80,222.09,7.80,,,,,,
rtx5090-Qwen3.6-35B-A3B-UD-Q3_K_XL,pp2048,d16384,2,4617.18,24.22,3207.13,854.27,,,,,5748.71,1530.78,5646.84,1530.78,5748.71,1530.78
rtx5090-Qwen3.6-35B-A3B-UD-Q3_K_XL,tg128,d16384,2,70.03,0.35,97.93,62.53,267.33,2.05,146.46,16.85,,,,,,
rtx5090-Qwen3.6-35B-A3B-UD-Q3_K_XL,pp2048,d16384,4,4679.32,1.72,2114.49,953.52,,,,,9539.65,3589.62,9437.77,3589.62,9539.65,3589.62
rtx5090-Qwen3.6-35B-A3B-UD-Q3_K_XL,tg128,d16384,4,51.29,0.30,45.40,41.72,455.33,4.99,115.58,2.96,,,,,,
rtx5090-Qwen3.6-35B-A3B-UD-Q5_K_XL,pp2048,d0,1,5426.93,270.59,5426.93,270.59,,,,,406.85,15.66,351.56,15.66,406.85,15.66
rtx5090-Qwen3.6-35B-A3B-UD-Q5_K_XL,tg128,d0,1,290.70,23.27,290.70,23.27,296.37,22.28,296.37,22.28,,,,,,
rtx5090-Qwen3.6-35B-A3B-UD-Q5_K_XL,pp2048,d0,2,4625.29,62.82,2550.70,75.83,,,,,791.02,20.18,735.73,20.18,791.02,20.18
rtx5090-Qwen3.6-35B-A3B-UD-Q5_K_XL,tg128,d0,2,384.81,16.18,197.81,10.17,387.42,16.19,200.81,9.98,,,,,,
rtx5090-Qwen3.6-35B-A3B-UD-Q5_K_XL,pp2048,d0,4,4340.30,30.09,1248.82,140.60,,,,,1552.69,147.11,1497.40,147.11,1552.69,147.11
rtx5090-Qwen3.6-35B-A3B-UD-Q5_K_XL,tg128,d0,4,370.67,12.87,110.51,11.78,505.67,19.91,126.42,9.78,,,,,,
rtx5090-Qwen3.6-35B-A3B-UD-Q5_K_XL,pp2048,d8192,1,6783.35,58.26,6783.35,58.26,,,,,1424.34,23.24,1369.05,23.24,1424.34,23.24
rtx5090-Qwen3.6-35B-A3B-UD-Q5_K_XL,tg128,d8192,1,240.81,2.02,240.81,2.02,245.71,1.85,245.71,1.85,,,,,,
rtx5090-Qwen3.6-35B-A3B-UD-Q5_K_XL,pp2048,d8192,2,6026.85,38.06,3565.10,478.94,,,,,2724.43,374.27,2669.14,374.27,2724.43,374.27
rtx5090-Qwen3.6-35B-A3B-UD-Q5_K_XL,tg128,d8192,2,177.80,1.48,130.51,41.33,275.67,3.09,155.07,19.50,,,,,,
rtx5090-Qwen3.6-35B-A3B-UD-Q5_K_XL,pp2048,d8192,4,5450.74,21.12,2235.23,870.07,,,,,4835.34,1629.16,4780.05,1629.16,4835.34,1629.16
rtx5090-Qwen3.6-35B-A3B-UD-Q5_K_XL,tg128,d8192,4,101.16,0.80,59.01,33.72,452.33,4.19,113.33,2.72,,,,,,
rtx5090-Qwen3.6-35B-A3B-UD-Q5_K_XL,pp2048,d16384,1,6675.43,29.76,6675.43,29.76,,,,,2560.29,12.00,2505.00,12.00,2560.29,12.00
rtx5090-Qwen3.6-35B-A3B-UD-Q5_K_XL,tg128,d16384,1,236.53,1.82,236.53,1.82,241.26,2.17,241.26,2.17,,,,,,
rtx5090-Qwen3.6-35B-A3B-UD-Q5_K_XL,pp2048,d16384,2,5808.24,10.50,3965.48,1034.35,,,,,4575.95,1177.81,4520.66,1177.81,4575.95,1177.81
rtx5090-Qwen3.6-35B-A3B-UD-Q5_K_XL,tg128,d16384,2,85.47,1.38,103.00,59.83,266.67,1.89,147.76,17.84,,,,,,
rtx5090-Qwen3.6-35B-A3B-UD-Q5_K_XL,pp2048,d16384,4,4865.23,6.23,2374.20,1221.28,,,,,8877.69,3722.80,8822.40,3722.80,8877.69,3722.80
rtx5090-Qwen3.6-35B-A3B-UD-Q5_K_XL,tg128,d16384,4,49.40,0.67,42.98,38.30,421.00,5.35,106.83,2.91,,,,,,
rtx5090-Qwen3.6-35B-A3B-UD-Q5_K_XL-MTP,pp2048,d0,1,8049.02,497.86,8049.02,497.86,,,,,276.04,17.66,222.24,17.66,276.04,17.66
rtx5090-Qwen3.6-35B-A3B-UD-Q5_K_XL-MTP,tg128,d0,1,316.18,10.08,316.18,10.08,318.41,10.06,318.41,10.06,,,,,,
rtx5090-Qwen3.6-35B-A3B-UD-Q5_K_XL-MTP,pp2048,d0,2,6717.38,85.45,4893.71,1219.07,,,,,461.26,97.54,407.46,97.54,461.26,97.54
rtx5090-Qwen3.6-35B-A3B-UD-Q5_K_XL-MTP,tg128,d0,2,319.94,11.80,185.13,20.95,322.22,11.84,186.45,21.11,,,,,,
rtx5090-Qwen3.6-35B-A3B-UD-Q5_K_XL-MTP,pp2048,d0,4,6640.44,71.75,2786.66,1094.56,,,,,806.28,246.12,752.48,246.12,806.28,246.12
rtx5090-Qwen3.6-35B-A3B-UD-Q5_K_XL-MTP,tg128,d0,4,289.88,10.16,95.45,16.33,457.67,21.08,116.17,13.59,,,,,,
rtx5090-Qwen3.6-35B-A3B-UD-Q5_K_XL-MTP,pp2048,d8192,1,7018.78,533.06,7018.78,533.06,,,,,1399.12,108.51,1345.32,108.51,1399.12,108.51
rtx5090-Qwen3.6-35B-A3B-UD-Q5_K_XL-MTP,tg128,d8192,1,289.42,9.73,289.42,9.73,291.53,9.77,291.53,9.77,,,,,,
rtx5090-Qwen3.6-35B-A3B-UD-Q5_K_XL-MTP,pp2048,d8192,2,5860.05,120.38,4190.35,1216.13,,,,,2481.94,703.13,2428.14,703.13,2481.94,703.13
rtx5090-Qwen3.6-35B-A3B-UD-Q5_K_XL-MTP,tg128,d8192,2,127.16,3.38,124.20,57.04,267.00,5.10,156.78,26.70,,,,,,
rtx5090-Qwen3.6-35B-A3B-UD-Q5_K_XL-MTP,pp2048,d8192,4,5874.00,4.33,2799.21,1368.22,,,,,4118.04,1647.46,4064.24,1647.46,4118.04,1647.46
rtx5090-Qwen3.6-35B-A3B-UD-Q5_K_XL-MTP,tg128,d8192,4,98.61,0.50,58.76,37.28,431.00,4.32,110.17,8.59,,,,,,
rtx5090-Qwen3.6-35B-A3B-UD-Q5_K_XL-MTP,pp2048,d16384,1,5275.82,304.07,5275.82,304.07,,,,,3223.08,198.18,3169.28,198.18,3223.08,198.18
rtx5090-Qwen3.6-35B-A3B-UD-Q5_K_XL-MTP,tg128,d16384,1,242.11,9.72,242.11,9.72,243.86,9.74,243.86,9.74,,,,,,
rtx5090-Qwen3.6-35B-A3B-UD-Q5_K_XL-MTP,pp2048,d16384,2,4601.10,89.11,3270.40,945.23,,,,,5637.19,1635.10,5583.39,1635.10,5637.19,1635.10
rtx5090-Qwen3.6-35B-A3B-UD-Q5_K_XL-MTP,tg128,d16384,2,67.78,1.03,103.42,68.58,254.00,5.35,145.37,28.24,,,,,,
rtx5090-Qwen3.6-35B-A3B-UD-Q5_K_XL-MTP,pp2048,d16384,4,4583.99,11.66,2250.33,1156.52,,,,,9344.90,3903.70,9291.10,3903.70,9344.90,3903.70
rtx5090-Qwen3.6-35B-A3B-UD-Q5_K_XL-MTP,tg128,d16384,4,47.47,1.00,44.04,41.37,375.33,13.60,98.00,20.55,,,,,,
rtx5090-Qwen3.8-27B-ABL-Q5_K_M,pp2048,d0,1,3697.17,5.62,3697.17,5.62,,,,,595.54,22.51,471.41,22.51,595.54,22.51
rtx5090-Qwen3.8-27B-ABL-Q5_K_M,tg128,d0,1,71.91,1.78,71.91,1.78,74.67,2.49,74.67,2.49,,,,,,
rtx5090-Qwen3.8-27B-ABL-Q5_K_M,pp2048,d0,2,2782.79,8.38,2012.70,489.64,,,,,1052.35,214.94,928.21,214.94,1052.35,214.94
rtx5090-Qwen3.8-27B-ABL-Q5_K_M,tg128,d0,2,104.99,1.16,58.04,4.81,130.67,2.05,65.67,1.97,,,,,,
rtx5090-Qwen3.8-27B-ABL-Q5_K_M,pp2048,d0,4,2574.42,3.06,1022.48,371.71,,,,,2038.90,590.07,1914.76,590.07,2038.90,590.07
rtx5090-Qwen3.8-27B-ABL-Q5_K_M,tg128,d0,4,126.78,1.05,41.67,7.28,209.00,1.41,52.50,0.96,,,,,,
rtx5090-Qwen3.8-27B-ABL-Q5_K_M,pp2048,d8192,1,2887.79,167.74,2887.79,167.74,,,,,3136.74,207.76,3012.61,207.76,3136.74,207.76
rtx5090-Qwen3.8-27B-ABL-Q5_K_M,tg128,d8192,1,66.10,1.16,66.10,1.16,68.67,2.05,68.67,2.05,,,,,,
rtx5090-Qwen3.8-27B-ABL-Q5_K_M,pp2048,d8192,2,2335.13,6.85,1575.59,383.49,,,,,6001.23,1453.82,5877.10,1453.82,6001.23,1453.82
rtx5090-Qwen3.8-27B-ABL-Q5_K_M,tg128,d8192,2,48.38,0.15,38.50,14.13,108.67,3.09,54.67,1.37,,,,,,
rtx5090-Qwen3.8-27B-ABL-Q5_K_M,pp2048,d8192,4,2295.80,93.97,991.38,420.41,,,,,10377.39,3663.07,10253.25,3663.07,10377.39,3663.07
rtx5090-Qwen3.8-27B-ABL-Q5_K_M,tg128,d8192,4,41.38,0.41,23.02,13.39,188.00,1.41,47.42,0.86,,,,,,
rtx5090-Qwen3.8-27B-ABL-Q5_K_M,pp2048,d16384,1,2008.21,140.26,2008.21,140.26,,,,,7830.82,589.30,7706.68,589.30,7830.82,589.30
rtx5090-Qwen3.8-27B-ABL-Q5_K_M,tg128,d16384,1,61.26,1.47,61.26,1.47,63.67,1.25,63.67,1.25,,,,,,
rtx5090-Qwen3.8-27B-ABL-Q5_K_M,pp2048,d16384,2,1696.24,34.34,1208.82,351.39,,,,,14069.79,4120.18,13945.66,4120.18,14069.79,4120.18
rtx5090-Qwen3.8-27B-ABL-Q5_K_M,tg128,d16384,2,20.93,4.74,28.88,16.57,90.33,11.12,50.44,4.63,,,,,,
rtx5090-Qwen3.8-27B-ABL-Q5_K_M,pp2048,d16384,4,1673.95,19.32,802.57,399.86,,,,,24175.64,9913.98,24051.50,9913.98,24175.64,9913.98
rtx5090-Qwen3.8-27B-ABL-Q5_K_M,tg128,d16384,4,17.64,0.31,15.86,14.68,169.67,2.05,43.08,0.76,,,,,,
rtx5090-Qwen3.8-27B-MTP-Q4_0,pp2048,d0,1,3607.54,264.53,3607.54,264.53,,,,,601.25,41.60,517.80,41.60,601.25,41.60
rtx5090-Qwen3.8-27B-MTP-Q4_0,tg128,d0,1,108.70,8.77,108.70,8.77,112.00,7.79,112.00,7.79,,,,,,
rtx5090-Qwen3.8-27B-MTP-Q4_0,pp2048,d0,2,2489.73,36.83,1818.62,475.94,,,,,1180.79,309.63,1097.34,309.63,1180.79,309.63
rtx5090-Qwen3.8-27B-MTP-Q4_0,tg128,d0,2,117.97,4.97,72.15,12.08,168.33,11.47,88.67,5.34,,,,,,
rtx5090-Qwen3.8-27B-MTP-Q4_0,pp2048,d0,4,2340.47,7.94,1031.70,437.83,,,,,2162.59,733.95,2079.15,733.95,2162.59,733.95
rtx5090-Qwen3.8-27B-MTP-Q4_0,tg128,d0,4,127.41,1.14,47.92,11.27,277.33,10.53,71.58,7.29,,,,,,
rtx5090-Qwen3.8-27B-MTP-Q4_0,pp2048,d8192,1,2640.40,193.59,2640.40,193.59,,,,,3586.59,281.11,3503.14,281.11,3586.59,281.11
rtx5090-Qwen3.8-27B-MTP-Q4_0,tg128,d8192,1,99.77,7.49,99.77,7.49,105.33,6.18,105.33,6.18,,,,,,
rtx5090-Qwen3.8-27B-MTP-Q4_0,pp2048,d8192,2,2031.29,9.89,1508.46,486.60,,,,,6950.41,2196.98,6866.96,2196.98,6950.41,2196.98
rtx5090-Qwen3.8-27B-MTP-Q4_0,tg128,d8192,2,43.02,0.66,50.63,28.14,156.33,6.80,79.67,6.24,,,,,,
rtx5090-Qwen3.8-27B-MTP-Q4_0,pp2048,d8192,4,1929.75,3.04,959.95,490.33,,,,,12270.03,5212.01,12186.58,5212.01,12270.03,5212.01
rtx5090-Qwen3.8-27B-MTP-Q4_0,tg128,d8192,4,32.81,0.25,28.58,24.93,177.33,3.77,52.67,22.74,,,,,,
rtx5090-Qwen3.8-27B-MTP-Q4_0,pp2048,d16384,1,1736.57,129.77,1736.57,129.77,,,,,9782.83,767.53,9699.38,767.53,9782.83,767.53
rtx5090-Qwen3.8-27B-MTP-Q4_0,tg128,d16384,1,91.72,13.96,91.72,13.96,97.33,12.23,97.33,12.23,,,,,,
rtx5090-Qwen3.8-27B-MTP-Q4_0,pp2048,d16384,2,1426.17,22.98,1072.95,347.63,,,,,17435.93,5841.47,17352.48,5841.47,17435.93,5841.47
rtx5090-Qwen3.8-27B-MTP-Q4_0,tg128,d16384,2,19.34,0.79,40.68,30.14,119.67,4.64,65.33,13.71,,,,,,
rtx5090-Qwen3.8-27B-MTP-Q4_0,pp2048,d16384,4,1359.00,13.02,691.37,376.62,,,,,31197.21,13591.18,31113.77,13591.18,31197.21,13591.18
rtx5090-Qwen3.8-27B-MTP-Q4_0,tg128,d16384,4,13.65,0.16,23.08,27.52,118.67,15.43,40.08,31.05,,,,,,
rtx5090-Qwen3.8-27B-Q6_K-MTP,pp2048,d0,1,2994.22,193.49,2994.22,193.49,,,,,670.04,53.29,584.67,53.29,670.04,53.29
rtx5090-Qwen3.8-27B-Q6_K-MTP,tg128,d0,1,101.33,8.12,101.33,8.12,105.33,6.18,105.33,6.18,,,,,,
rtx5090-Qwen3.8-27B-Q6_K-MTP,pp2048,d0,2,2397.47,140.75,1633.72,350.57,,,,,1218.93,255.96,1133.57,255.96,1218.93,255.96
rtx5090-Qwen3.8-27B-Q6_K-MTP,tg128,d0,2,116.60,3.02,68.82,10.92,165.67,10.53,83.83,5.93,,,,,,
rtx5090-Qwen3.8-27B-Q6_K-MTP,pp2048,d0,4,2258.50,12.40,915.35,363.60,,,,,2242.66,713.30,2157.30,713.30,2242.66,713.30
rtx5090-Qwen3.8-27B-Q6_K-MTP,tg128,d0,4,124.55,0.96,45.65,11.23,256.00,2.16,66.50,3.77,,,,,,
rtx5090-Qwen3.8-27B-Q6_K-MTP,pp2048,d8192,1,2386.11,124.49,2386.11,124.49,,,,,3691.46,122.86,3606.10,122.86,3691.46,122.86
rtx5090-Qwen3.8-27B-Q6_K-MTP,tg128,d8192,1,92.95,6.47,92.95,6.47,100.00,7.48,100.00,7.48,,,,,,
rtx5090-Qwen3.8-27B-Q6_K-MTP,pp2048,d8192,2,2170.38,44.73,1461.72,354.97,,,,,6315.94,1571.02,6230.58,1571.02,6315.94,1571.02
rtx5090-Qwen3.8-27B-Q6_K-MTP,tg128,d8192,2,51.27,1.27,47.30,21.66,143.33,7.76,73.17,5.30,,,,,,
rtx5090-Qwen3.8-27B-Q6_K-MTP,pp2048,d8192,4,2138.33,3.33,968.81,428.66,,,,,10710.70,4064.92,10625.34,4064.92,10710.70,4064.92
rtx5090-Qwen3.8-27B-Q6_K-MTP,tg128,d8192,4,38.95,0.41,24.54,16.83,224.33,1.70,59.67,4.11,,,,,,
rtx5090-Qwen3.8-27B-Q6_K-MTP,pp2048,d16384,1,2012.63,99.26,2012.63,99.26,,,,,7826.72,323.31,7741.36,323.31,7826.72,323.31
rtx5090-Qwen3.8-27B-Q6_K-MTP,tg128,d16384,1,77.65,2.92,77.65,2.92,85.67,4.92,85.67,4.92,,,,,,
rtx5090-Qwen3.8-27B-Q6_K-MTP,pp2048,d16384,2,1831.04,57.14,1362.61,439.94,,,,,12879.17,4190.61,12793.80,4190.61,12879.17,4190.61
rtx5090-Qwen3.8-27B-Q6_K-MTP,tg128,d16384,2,25.39,0.62,39.20,26.17,136.00,0.82,70.33,4.46,,,,,,
rtx5090-Qwen3.8-27B-Q6_K-MTP,pp2048,d16384,4,1882.04,6.39,949.53,507.94,,,,,20865.64,8964.38,20780.27,8964.38,20865.64,8964.38
rtx5090-Qwen3.8-27B-Q6_K-MTP,tg128,d16384,4,19.58,0.17,18.75,18.53,208.33,8.73,54.33,4.38,,,,,,
rtx5090-Qwen3.8-27B-UD-Q4_K_XL,pp2048,d0,1,3933.62,295.42,3933.62,295.42,,,,,558.06,39.02,474.06,39.02,558.06,39.02
rtx5090-Qwen3.8-27B-UD-Q4_K_XL,tg128,d0,1,73.90,1.25,73.90,1.25,76.00,1.41,76.00,1.41,,,,,,
rtx5090-Qwen3.8-27B-UD-Q4_K_XL,pp2048,d0,2,2818.91,69.35,2001.38,515.81,,,,,1067.32,245.72,983.33,245.72,1067.32,245.72
rtx5090-Qwen3.8-27B-UD-Q4_K_XL,tg128,d0,2,104.50,1.42,58.60,5.48,133.33,0.47,67.00,1.00,,,,,,
rtx5090-Qwen3.8-27B-UD-Q4_K_XL,pp2048,d0,4,2723.07,18.01,1102.68,431.25,,,,,1975.32,599.15,1891.33,599.15,1975.32,599.15
rtx5090-Qwen3.8-27B-UD-Q4_K_XL,tg128,d0,4,129.70,2.66,42.86,7.73,219.33,3.30,55.42,2.29,,,,,,
rtx5090-Qwen3.8-27B-UD-Q4_K_XL,pp2048,d8192,1,2917.69,212.69,2917.69,212.69,,,,,3298.85,266.30,3214.85,266.30,3298.85,266.30
rtx5090-Qwen3.8-27B-UD-Q4_K_XL,tg128,d8192,1,68.83,0.17,68.83,0.17,71.33,0.47,71.33,0.47,,,,,,
rtx5090-Qwen3.8-27B-UD-Q4_K_XL,pp2048,d8192,2,2382.40,54.07,1669.81,462.59,,,,,6199.69,1714.94,6115.69,1714.94,6199.69,1714.94
rtx5090-Qwen3.8-27B-UD-Q4_K_XL,tg128,d8192,2,44.18,0.12,37.89,15.48,109.67,2.05,54.83,1.21,,,,,,
rtx5090-Qwen3.8-27B-UD-Q4_K_XL,pp2048,d8192,4,2369.89,5.05,1066.52,486.98,,,,,10545.77,3975.08,10461.77,3975.08,10545.77,3975.08
rtx5090-Qwen3.8-27B-UD-Q4_K_XL,tg128,d8192,4,38.94,0.14,23.23,14.42,195.67,1.25,49.17,1.07,,,,,,
rtx5090-Qwen3.8-27B-UD-Q4_K_XL,pp2048,d16384,1,1955.79,153.63,1955.79,153.63,,,,,8671.25,665.00,8587.26,665.00,8671.25,665.00
rtx5090-Qwen3.8-27B-UD-Q4_K_XL,tg128,d16384,1,61.81,1.07,61.81,1.07,64.00,0.82,64.00,0.82,,,,,,
rtx5090-Qwen3.8-27B-UD-Q4_K_XL,pp2048,d16384,2,1655.76,22.29,1149.60,322.39,,,,,15790.64,4340.85,15706.64,4340.85,15790.64,4340.85
rtx5090-Qwen3.8-27B-UD-Q4_K_XL,tg128,d16384,2,22.74,0.42,29.24,17.82,96.67,1.70,48.50,1.61,,,,,,
rtx5090-Qwen3.8-27B-UD-Q4_K_XL,pp2048,d16384,4,1654.62,3.83,765.41,360.52,,,,,26634.84,10514.36,26550.84,10514.36,26634.84,10514.36
rtx5090-Qwen3.8-27B-UD-Q4_K_XL,tg128,d16384,4,16.59,0.12,15.66,15.01,165.67,2.05,42.58,1.26,,,,,,
rtx5090-Qwen3.8-27B-UD-Q5_K_XL,pp2048,d0,1,3648.74,261.17,3648.74,261.17,,,,,602.91,44.25,511.46,44.25,602.91,44.25
rtx5090-Qwen3.8-27B-UD-Q5_K_XL,tg128,d0,1,68.48,0.46,68.48,0.46,70.67,0.47,70.67,0.47,,,,,,
rtx5090-Qwen3.8-27B-UD-Q5_K_XL,pp2048,d0,2,2585.30,59.07,1838.53,465.39,,,,,1176.17,273.64,1084.72,273.64,1176.17,273.64
rtx5090-Qwen3.8-27B-UD-Q5_K_XL,tg128,d0,2,93.78,1.73,52.74,5.54,120.00,1.63,60.17,0.90,,,,,,
rtx5090-Qwen3.8-27B-UD-Q5_K_XL,pp2048,d0,4,2517.17,12.10,1017.43,382.60,,,,,2149.22,651.22,2057.77,651.22,2149.22,651.22
rtx5090-Qwen3.8-27B-UD-Q5_K_XL,tg128,d0,4,121.41,1.31,40.18,7.42,207.33,3.68,52.50,2.29,,,,,,
rtx5090-Qwen3.8-27B-UD-Q5_K_XL,pp2048,d8192,1,2723.84,182.57,2723.84,182.57,,,,,3499.42,191.35,3407.97,191.35,3499.42,191.35
rtx5090-Qwen3.8-27B-UD-Q5_K_XL,tg128,d8192,1,61.32,1.04,61.32,1.04,62.67,1.25,62.67,1.25,,,,,,
rtx5090-Qwen3.8-27B-UD-Q5_K_XL,pp2048,d8192,2,2260.96,44.42,1563.20,412.47,,,,,6488.05,1733.50,6396.60,1733.50,6488.05,1733.50
rtx5090-Qwen3.8-27B-UD-Q5_K_XL,tg128,d8192,2,42.42,0.71,35.28,13.49,102.33,1.25,51.33,1.49,,,,,,
rtx5090-Qwen3.8-27B-UD-Q5_K_XL,pp2048,d8192,4,2219.40,9.85,1002.50,446.55,,,,,11127.37,4242.70,11035.92,4242.70,11127.37,4242.70
rtx5090-Qwen3.8-27B-UD-Q5_K_XL,tg128,d8192,4,36.80,0.04,21.82,13.61,182.33,3.40,46.25,1.36,,,,,,
rtx5090-Qwen3.8-27B-UD-Q5_K_XL,pp2048,d16384,1,1877.78,131.49,1877.78,131.49,,,,,9007.08,681.64,8915.64,681.64,9007.08,681.64
rtx5090-Qwen3.8-27B-UD-Q5_K_XL,tg128,d16384,1,56.65,1.02,56.65,1.02,58.33,1.25,58.33,1.25,,,,,,
rtx5090-Qwen3.8-27B-UD-Q5_K_XL,pp2048,d16384,2,1587.27,24.05,1124.50,322.16,,,,,16241.14,4741.16,16149.69,4741.16,16241.14,4741.16
rtx5090-Qwen3.8-27B-UD-Q5_K_XL,tg128,d16384,2,21.26,0.64,27.28,16.34,93.33,6.13,46.83,4.22,,,,,,
rtx5090-Qwen3.8-27B-UD-Q5_K_XL,pp2048,d16384,4,1591.01,2.45,748.24,366.71,,,,,27604.52,11093.19,27513.08,11093.19,27604.52,11093.19
rtx5090-Qwen3.8-27B-UD-Q5_K_XL,tg128,d16384,4,15.83,0.39,14.88,14.16,160.33,0.94,41.00,1.41,,,,,,
rtx5090-Qwen3.8-27B-UD-Q6_K_XL,pp2048,d0,1,3571.54,206.89,3571.54,206.89,,,,,607.27,48.44,527.13,48.44,607.27,48.44
rtx5090-Qwen3.8-27B-UD-Q6_K_XL,tg128,d0,1,57.09,1.02,57.09,1.02,59.67,2.05,59.67,2.05,,,,,,
rtx5090-Qwen3.8-27B-UD-Q6_K_XL,pp2048,d0,2,2632.35,55.31,1863.86,456.71,,,,,1149.15,274.16,1069.01,274.16,1149.15,274.16
rtx5090-Qwen3.8-27B-UD-Q6_K_XL,tg128,d0,2,84.39,2.75,46.75,4.37,105.00,3.56,52.67,2.29,,,,,,
rtx5090-Qwen3.8-27B-UD-Q6_K_XL,pp2048,d0,4,2551.80,29.74,1042.92,401.62,,,,,2095.14,655.56,2014.99,655.56,2095.14,655.56
rtx5090-Qwen3.8-27B-UD-Q6_K_XL,tg128,d0,4,112.27,1.05,36.47,6.21,185.00,0.82,47.25,1.16,,,,,,
rtx5090-Qwen3.8-27B-UD-Q6_K_XL,pp2048,d8192,1,2709.90,184.43,2709.90,184.43,,,,,3530.74,286.85,3450.60,286.85,3530.74,286.85
rtx5090-Qwen3.8-27B-UD-Q6_K_XL,tg128,d8192,1,53.76,1.46,53.76,1.46,56.33,1.70,56.33,1.70,,,,,,
rtx5090-Qwen3.8-27B-UD-Q6_K_XL,pp2048,d8192,2,2210.51,5.47,1549.45,426.59,,,,,6623.35,1839.98,6543.21,1839.98,6623.35,1839.98
rtx5090-Qwen3.8-27B-UD-Q6_K_XL,tg128,d8192,2,39.00,0.52,31.64,11.67,90.00,2.16,45.00,1.41,,,,,,
rtx5090-Qwen3.8-27B-UD-Q6_K_XL,pp2048,d8192,4,2229.83,15.73,1016.81,467.31,,,,,10998.76,4239.13,10918.62,4239.13,10998.76,4239.13
rtx5090-Qwen3.8-27B-UD-Q6_K_XL,tg128,d8192,4,35.98,0.44,20.53,12.27,170.33,2.49,43.08,1.61,,,,,,
rtx5090-Qwen3.8-27B-UD-Q6_K_XL,pp2048,d16384,1,1880.22,131.74,1880.22,131.74,,,,,9007.18,631.43,8927.04,631.43,9007.18,631.43
rtx5090-Qwen3.8-27B-UD-Q6_K_XL,tg128,d16384,1,50.40,0.28,50.40,0.28,53.00,0.82,53.00,0.82,,,,,,
rtx5090-Qwen3.8-27B-UD-Q6_K_XL,pp2048,d16384,2,1589.05,24.95,1127.84,327.86,,,,,16215.28,4757.37,16135.13,4757.37,16215.28,4757.37
rtx5090-Qwen3.8-27B-UD-Q6_K_XL,tg128,d16384,2,20.71,1.36,25.13,14.71,83.67,4.50,42.67,2.98,,,,,,
rtx5090-Qwen3.8-27B-UD-Q6_K_XL,pp2048,d16384,4,1588.70,1.92,740.65,356.82,,,,,27648.80,10986.82,27568.66,10986.82,27648.80,10986.82
rtx5090-Qwen3.8-27B-UD-Q6_K_XL,tg128,d16384,4,15.78,0.17,14.01,12.79,150.00,2.16,37.83,1.14,,,,,,
rtx5090-gemma-4-26B-A4B-it-UD-Q6_K_XL,pp2048,d0,1,2490.97,100.14,2490.97,100.14,,,,,783.85,33.05,738.25,33.05,800.57,33.48
rtx5090-gemma-4-26B-A4B-it-UD-Q6_K_XL,tg128,d0,1,234.96,29.47,234.96,29.47,243.15,30.09,243.15,30.09,,,,,,
rtx5090-gemma-4-26B-A4B-it-UD-Q6_K_XL,pp2048,d0,2,2210.23,24.87,1213.15,65.92,,,,,1584.54,83.90,1538.94,83.90,1681.63,22.02
rtx5090-gemma-4-26B-A4B-it-UD-Q6_K_XL,tg128,d0,2,352.77,18.76,176.93,16.84,355.14,18.75,179.80,16.32,,,,,,
rtx5090-gemma-4-26B-A4B-it-UD-Q6_K_XL,pp2048,d0,4,2440.49,22.47,708.63,77.46,,,,,2729.08,282.73,2683.48,282.73,3067.10,11.41
rtx5090-gemma-4-26B-A4B-it-UD-Q6_K_XL,tg128,d0,4,482.52,15.40,123.08,11.57,501.33,12.50,126.25,12.90,,,,,,
rtx5090-gemma-4-26B-A4B-it-UD-Q6_K_XL,pp2048,d8192,1,3050.57,21.06,3050.57,21.06,,,,,3087.50,16.78,3041.91,16.78,3098.77,21.96
rtx5090-gemma-4-26B-A4B-it-UD-Q6_K_XL,tg128,d8192,1,208.84,27.12,208.84,27.12,213.89,28.51,213.89,28.51,,,,,,
rtx5090-gemma-4-26B-A4B-it-UD-Q6_K_XL,pp2048,d8192,2,3422.40,496.12,1981.27,418.34,,,,,4909.07,1049.03,4863.47,1049.03,5340.05,893.61
rtx5090-gemma-4-26B-A4B-it-UD-Q6_K_XL,tg128,d8192,2,249.78,4.64,148.54,22.11,301.67,6.13,161.71,14.44,,,,,,
rtx5090-gemma-4-26B-A4B-it-UD-Q6_K_XL,pp2048,d8192,4,4276.36,25.21,1550.93,452.42,,,,,6487.80,1713.96,6442.20,1713.96,7247.61,1395.42
rtx5090-gemma-4-26B-A4B-it-UD-Q6_K_XL,tg128,d8192,4,122.30,1.72,75.23,38.32,473.33,4.71,119.17,6.03,,,,,,
rtx5090-gemma-4-26B-A4B-it-UD-Q6_K_XL,pp2048,d16384,1,4216.09,32.86,4216.09,32.86,,,,,4014.23,5.25,3968.64,5.25,4031.34,5.13
rtx5090-gemma-4-26B-A4B-it-UD-Q6_K_XL,tg128,d16384,1,197.66,4.31,197.66,4.31,201.98,4.28,201.98,4.28,,,,,,
rtx5090-gemma-4-26B-A4B-it-UD-Q6_K_XL,pp2048,d16384,2,4161.07,14.79,2708.01,598.61,,,,,6545.02,1465.92,6499.42,1465.92,7006.04,1032.56
rtx5090-gemma-4-26B-A4B-it-UD-Q6_K_XL,tg128,d16384,2,96.78,7.54,103.03,54.48,281.33,18.87,149.09,15.71,,,,,,
rtx5090-gemma-4-26B-A4B-it-UD-Q6_K_XL,pp2048,d16384,4,3949.76,25.02,1734.51,733.17,,,,,11341.09,4181.98,11295.49,4181.98,12309.80,3989.41
rtx5090-gemma-4-26B-A4B-it-UD-Q6_K_XL,tg128,d16384,4,50.04,1.67,48.74,40.01,449.00,7.79,115.25,6.43,,,,,,
rtx5090-gemma-4-26B-A4B-it-UD-Q8_K_XL,pp2048,d0,1,2920.58,72.53,2920.58,72.53,,,,,710.10,9.81,665.84,9.81,724.76,9.49
rtx5090-gemma-4-26B-A4B-it-UD-Q8_K_XL,tg128,d0,1,208.44,4.26,208.44,4.26,212.51,3.91,212.51,3.91,,,,,,
rtx5090-gemma-4-26B-A4B-it-UD-Q8_K_XL,pp2048,d0,2,2306.55,5.27,1268.52,60.15,,,,,1513.56,81.34,1469.30,81.34,1608.61,14.51
rtx5090-gemma-4-26B-A4B-it-UD-Q8_K_XL,tg128,d0,2,322.40,10.38,162.57,6.93,324.62,10.38,164.27,7.39,,,,,,
rtx5090-gemma-4-26B-A4B-it-UD-Q8_K_XL,pp2048,d0,4,2528.20,8.61,735.98,78.22,,,,,2588.23,271.49,2543.97,271.49,2915.12,33.84
rtx5090-gemma-4-26B-A4B-it-UD-Q8_K_XL,tg128,d0,4,446.94,1.87,114.08,7.64,463.00,2.83,116.75,8.42,,,,,,
rtx5090-gemma-4-26B-A4B-it-UD-Q8_K_XL,pp2048,d8192,1,2877.10,188.68,2877.10,188.68,,,,,3257.87,220.30,3213.62,220.30,3267.18,214.24
rtx5090-gemma-4-26B-A4B-it-UD-Q8_K_XL,tg128,d8192,1,202.38,32.95,202.38,32.95,207.26,33.80,207.26,33.80,,,,,,
rtx5090-gemma-4-26B-A4B-it-UD-Q8_K_XL,pp2048,d8192,2,3787.13,99.43,2219.33,299.87,,,,,4283.84,591.34,4239.59,591.34,4712.41,226.12
rtx5090-gemma-4-26B-A4B-it-UD-Q8_K_XL,tg128,d8192,2,230.56,4.84,136.19,19.03,287.33,6.24,150.33,8.28,,,,,,
rtx5090-gemma-4-26B-A4B-it-UD-Q8_K_XL,pp2048,d8192,4,4319.04,42.85,1547.71,438.79,,,,,6475.75,1662.18,6431.50,1662.18,7212.45,1354.95
rtx5090-gemma-4-26B-A4B-it-UD-Q8_K_XL,tg128,d8192,4,121.49,4.40,70.54,32.82,437.33,13.60,111.50,6.05,,,,,,
rtx5090-gemma-4-26B-A4B-it-UD-Q8_K_XL,pp2048,d16384,1,4283.85,51.50,4283.85,51.50,,,,,3946.12,42.08,3901.87,42.08,3961.86,42.07
rtx5090-gemma-4-26B-A4B-it-UD-Q8_K_XL,tg128,d16384,1,195.33,5.92,195.33,5.92,199.22,6.05,199.22,6.05,,,,,,
rtx5090-gemma-4-26B-A4B-it-UD-Q8_K_XL,pp2048,d16384,2,4200.89,14.70,2723.52,603.36,,,,,6493.90,1434.71,6449.64,1434.71,6931.46,1019.32
rtx5090-gemma-4-26B-A4B-it-UD-Q8_K_XL,tg128,d16384,2,96.11,2.58,97.94,47.61,282.33,7.13,145.52,6.58,,,,,,
rtx5090-gemma-4-26B-A4B-it-UD-Q8_K_XL,pp2048,d16384,4,4027.24,9.24,1748.42,731.22,,,,,11211.17,4042.52,11166.91,4042.52,12199.94,3845.39
rtx5090-gemma-4-26B-A4B-it-UD-Q8_K_XL,tg128,d16384,4,52.49,0.82,51.10,42.63,449.00,14.51,116.17,13.36,,,,,,
rtx5090-gemma-4-26B-A4B-it-qat-q4_0,pp2048,d0,1,10484.01,672.71,10484.01,672.71,,,,,211.22,14.01,179.64,14.01,226.92,14.72
rtx5090-gemma-4-26B-A4B-it-qat-q4_0,tg128,d0,1,232.77,20.10,232.77,20.10,237.41,20.36,237.41,20.36,,,,,,
rtx5090-gemma-4-26B-A4B-it-qat-q4_0,pp2048,d0,2,5337.43,505.60,3462.34,755.50,,,,,602.46,115.18,570.88,115.18,711.88,70.91
rtx5090-gemma-4-26B-A4B-it-qat-q4_0,tg128,d0,2,363.59,7.50,183.39,7.15,366.34,7.51,185.77,7.02,,,,,,
rtx5090-gemma-4-26B-A4B-it-qat-q4_0,pp2048,d0,4,4967.55,31.42,1631.52,299.63,,,,,1214.20,210.54,1182.61,210.54,1488.92,13.74
rtx5090-gemma-4-26B-A4B-it-qat-q4_0,tg128,d0,4,592.92,8.21,152.22,17.01,596.67,7.85,153.62,16.94,,,,,,
rtx5090-gemma-4-26B-A4B-it-qat-q4_0,pp2048,d8192,1,6265.77,621.31,6265.77,621.31,,,,,1527.84,141.76,1496.25,141.76,1543.46,141.66
rtx5090-gemma-4-26B-A4B-it-qat-q4_0,tg128,d8192,1,225.81,20.62,225.81,20.62,230.17,21.13,230.17,21.13,,,,,,
rtx5090-gemma-4-26B-A4B-it-qat-q4_0,pp2048,d8192,2,4826.55,20.81,3262.11,815.54,,,,,3073.61,758.43,3042.03,758.43,3635.69,220.99
rtx5090-gemma-4-26B-A4B-it-qat-q4_0,tg128,d8192,2,236.17,14.33,150.21,24.35,288.00,15.12,163.60,15.53,,,,,,
rtx5090-gemma-4-26B-A4B-it-qat-q4_0,pp2048,d8192,4,4935.16,2.63,2028.88,783.23,,,,,5211.71,1724.10,5180.12,1724.10,6016.64,1395.43
rtx5090-gemma-4-26B-A4B-it-qat-q4_0,tg128,d8192,4,119.25,2.18,76.46,39.26,517.00,5.72,130.75,7.34,,,,,,
rtx5090-gemma-4-26B-A4B-it-qat-q4_0,pp2048,d16384,1,4164.14,262.10,4164.14,262.10,,,,,4029.08,255.05,3997.49,255.05,4046.21,255.35
rtx5090-gemma-4-26B-A4B-it-qat-q4_0,tg128,d16384,1,208.11,15.24,208.11,15.24,211.69,15.42,211.69,15.42,,,,,,
rtx5090-gemma-4-26B-A4B-it-qat-q4_0,pp2048,d16384,2,3618.71,50.97,2454.77,630.77,,,,,7276.35,1875.83,7244.77,1875.83,8051.01,1130.12
rtx5090-gemma-4-26B-A4B-it-qat-q4_0,tg128,d16384,2,96.82,8.07,116.57,72.35,295.67,22.48,163.32,31.78,,,,,,
rtx5090-gemma-4-26B-A4B-it-qat-q4_0,pp2048,d16384,4,3539.01,11.96,1553.59,673.35,,,,,12724.37,4678.27,12692.78,4678.27,13904.15,4154.01
rtx5090-gemma-4-26B-A4B-it-qat-q4_0,tg128,d16384,4,46.55,0.51,50.25,47.65,495.33,10.40,126.67,10.55,,,,,,
rtx5090-gemma-4-31B-it-UD-Q4_K_XL,pp2048,d0,1,666.11,24.94,666.11,24.94,,,,,2837.59,99.46,2775.02,99.46,2884.68,99.31
rtx5090-gemma-4-31B-it-UD-Q4_K_XL,tg128,d0,1,68.28,3.23,68.28,3.23,72.00,5.72,72.00,5.72,,,,,,
rtx5090-gemma-4-31B-it-UD-Q4_K_XL,pp2048,d0,2,601.98,6.09,323.78,17.21,,,,,5888.66,309.44,5826.10,309.44,6241.05,34.55
rtx5090-gemma-4-31B-it-UD-Q4_K_XL,tg128,d0,2,134.33,7.05,67.47,6.92,150.33,14.88,77.00,13.13,,,,,,
rtx5090-gemma-4-31B-it-UD-Q4_K_XL,pp2048,d0,4,688.40,3.77,197.81,20.67,,,,,9630.89,1019.29,9568.32,1019.29,10844.68,44.68
rtx5090-gemma-4-31B-it-UD-Q4_K_XL,tg128,d0,4,189.92,7.77,48.41,4.21,215.00,7.48,56.25,8.73,,,,,,
rtx5090-gemma-4-31B-it-UD-Q4_K_XL,pp2048,d8192,1,782.95,28.05,782.95,28.05,,,,,11884.72,389.77,11822.15,389.77,11937.12,390.45
rtx5090-gemma-4-31B-it-UD-Q4_K_XL,tg128,d8192,1,67.88,1.24,67.88,1.24,73.33,0.47,73.33,0.47,,,,,,
rtx5090-gemma-4-31B-it-UD-Q4_K_XL,pp2048,d8192,2,1046.47,10.13,605.66,79.48,,,,,15680.03,2029.33,15617.46,2029.33,17141.47,632.87
rtx5090-gemma-4-31B-it-UD-Q4_K_XL,tg128,d8192,2,82.18,6.37,52.46,12.60,134.67,13.89,70.67,13.29,,,,,,
rtx5090-gemma-4-31B-it-UD-Q4_K_XL,pp2048,d8192,4,1235.97,13.92,426.33,108.78,,,,,23183.23,5511.33,23120.66,5511.33,25621.56,4400.66
rtx5090-gemma-4-31B-it-UD-Q4_K_XL,tg128,d8192,4,40.17,1.45,27.10,14.40,193.00,4.55,50.17,2.64,,,,,,
rtx5090-gemma-4-31B-it-UD-Q4_K_XL,pp2048,d16384,1,1169.97,8.11,1169.97,8.11,,,,,14258.18,155.07,14195.61,155.07,14311.70,155.60
rtx5090-gemma-4-31B-it-UD-Q4_K_XL,tg128,d16384,1,61.52,4.93,61.52,4.93,65.33,6.85,65.33,6.85,,,,,,
rtx5090-gemma-4-31B-it-UD-Q4_K_XL,pp2048,d16384,2,1229.19,13.38,778.10,156.88,,,,,22445.95,4648.90,22383.39,4648.90,23781.21,3381.83
rtx5090-gemma-4-31B-it-UD-Q4_K_XL,tg128,d16384,2,31.47,1.44,37.38,21.64,129.00,14.17,65.17,10.14,,,,,,
rtx5090-gemma-4-31B-it-UD-Q4_K_XL,pp2048,d16384,4,1216.21,4.64,648.39,321.17,,,,,35178.24,15943.13,35115.67,15943.13,37776.87,15045.97
rtx5090-gemma-4-31B-it-UD-Q4_K_XL,tg128,d16384,4,4.13,0.07,16.63,27.61,69.00,2.16,18.33,29.28,,,,,,
rtx5090-gemma-4-31B-it-UD-Q5_K_XL,pp2048,d0,1,715.06,12.93,715.06,12.93,,,,,2690.18,21.52,2595.95,21.52,2742.57,21.42
rtx5090-gemma-4-31B-it-UD-Q5_K_XL,tg128,d0,1,76.49,1.49,76.49,1.49,91.00,0.82,91.00,0.82,,,,,,
rtx5090-gemma-4-31B-it-UD-Q5_K_XL,pp2048,d0,2,620.75,14.63,337.57,18.61,,,,,5510.37,330.30,5416.14,330.30,5866.27,132.56
rtx5090-gemma-4-31B-it-UD-Q5_K_XL,tg128,d0,2,125.10,8.92,62.86,8.29,138.33,10.84,71.17,12.24,,,,,,
rtx5090-gemma-4-31B-it-UD-Q5_K_XL,pp2048,d0,4,701.44,5.84,203.29,22.25,,,,,9324.68,1010.04,9230.45,1010.04,10535.80,130.22
rtx5090-gemma-4-31B-it-UD-Q5_K_XL,tg128,d0,4,179.85,1.45,45.88,3.20,202.00,13.14,52.83,6.97,,,,,,
rtx5090-gemma-4-31B-it-UD-Q5_K_XL,pp2048,d8192,1,828.92,11.44,828.92,11.44,,,,,11193.11,121.83,11098.88,121.83,11250.83,121.17
rtx5090-gemma-4-31B-it-UD-Q5_K_XL,tg128,d8192,1,63.42,0.38,63.42,0.38,73.00,3.56,73.00,3.56,,,,,,
rtx5090-gemma-4-31B-it-UD-Q5_K_XL,pp2048,d8192,2,1056.96,8.03,613.01,77.40,,,,,15494.38,2009.15,15400.15,2009.15,16957.20,616.07
rtx5090-gemma-4-31B-it-UD-Q5_K_XL,tg128,d8192,2,75.02,2.28,47.16,11.01,118.67,7.04,61.33,5.22,,,,,,
rtx5090-gemma-4-31B-it-UD-Q5_K_XL,pp2048,d8192,4,1254.80,9.07,434.29,112.70,,,,,22858.54,5375.51,22764.31,5375.51,25159.35,4299.37
rtx5090-gemma-4-31B-it-UD-Q5_K_XL,tg128,d8192,4,40.56,1.60,25.61,13.36,184.33,9.74,49.25,7.71,,,,,,
rtx5090-gemma-4-31B-it-UD-Q5_K_XL,pp2048,d16384,1,1121.62,28.30,1121.62,28.30,,,,,15085.77,478.58,14991.54,478.58,15144.51,478.98
rtx5090-gemma-4-31B-it-UD-Q5_K_XL,tg128,d16384,1,65.73,2.47,65.73,2.47,74.00,8.04,74.00,8.04,,,,,,
rtx5090-gemma-4-31B-it-UD-Q5_K_XL,pp2048,d16384,2,1220.95,12.30,776.05,158.71,,,,,22527.20,4706.95,22432.97,4706.95,23904.51,3403.70
rtx5090-gemma-4-31B-it-UD-Q5_K_XL,tg128,d16384,2,29.77,2.04,33.91,18.95,112.67,9.74,59.50,8.62,,,,,,
rtx5090-gemma-4-31B-it-UD-Q5_K_XL,pp2048,d16384,4,1241.48,7.07,509.03,190.59,,,,,37401.48,12447.57,37307.25,12447.57,40329.79,11830.41
rtx5090-gemma-4-31B-it-UD-Q5_K_XL,tg128,d16384,4,16.54,0.53,16.92,14.24,169.67,7.04,47.25,4.00,,,,,,
rtx5090-gemma-4-31B-it-qat-q4_0,pp2048,d0,1,3458.19,183.68,3458.19,183.68,,,,,603.86,28.54,550.55,28.54,652.69,28.71
rtx5090-gemma-4-31B-it-qat-q4_0,tg128,d0,1,69.36,2.02,69.36,2.02,76.33,4.78,76.33,4.78,,,,,,
rtx5090-gemma-4-31B-it-qat-q4_0,pp2048,d0,2,1693.05,109.26,1042.90,165.19,,,,,1846.89,287.92,1793.57,287.92,2153.62,120.53
rtx5090-gemma-4-31B-it-qat-q4_0,tg128,d0,2,136.89,11.66,68.79,9.96,145.67,14.38,73.17,11.25,,,,,,
rtx5090-gemma-4-31B-it-qat-q4_0,pp2048,d0,4,1566.13,7.75,498.87,90.07,,,,,3863.96,640.64,3810.65,640.64,4677.69,33.51
rtx5090-gemma-4-31B-it-qat-q4_0,tg128,d0,4,240.83,4.59,61.64,6.98,273.67,10.87,71.17,12.79,,,,,,
rtx5090-gemma-4-31B-it-qat-q4_0,pp2048,d8192,1,2111.59,162.11,2111.59,162.11,,,,,4501.39,318.65,4448.08,318.65,4560.11,319.45
rtx5090-gemma-4-31B-it-qat-q4_0,tg128,d8192,1,63.03,3.08,63.03,3.08,67.00,3.27,67.00,3.27,,,,,,
rtx5090-gemma-4-31B-it-qat-q4_0,pp2048,d8192,2,1729.33,31.95,1137.29,264.02,,,,,8607.33,1981.12,8554.02,1981.12,10095.67,578.28
rtx5090-gemma-4-31B-it-qat-q4_0,tg128,d8192,2,83.52,3.99,51.86,9.50,129.00,7.79,66.17,3.85,,,,,,
rtx5090-gemma-4-31B-it-qat-q4_0,pp2048,d8192,4,1688.74,17.27,682.98,248.29,,,,,15351.73,4980.78,15298.41,4980.78,17641.43,4049.81
rtx5090-gemma-4-31B-it-qat-q4_0,tg128,d8192,4,43.04,1.84,29.15,16.48,218.33,6.55,55.75,4.87,,,,,,
rtx5090-gemma-4-31B-it-qat-q4_0,pp2048,d16384,1,1461.44,97.67,1461.44,97.67,,,,,11472.38,789.27,11419.07,789.27,11536.62,788.77
rtx5090-gemma-4-31B-it-qat-q4_0,tg128,d16384,1,60.59,2.08,60.59,2.08,69.00,3.56,69.00,3.56,,,,,,
rtx5090-gemma-4-31B-it-qat-q4_0,pp2048,d16384,2,1355.81,10.68,940.43,262.16,,,,,19224.75,5272.28,19171.44,5272.28,21428.65,3139.53
rtx5090-gemma-4-31B-it-qat-q4_0,tg128,d16384,2,31.72,1.25,34.39,17.41,117.67,1.70,60.00,4.97,,,,,,
rtx5090-gemma-4-31B-it-qat-q4_0,pp2048,d16384,4,1775.40,14.11,1101.16,607.24,,,,,22338.38,11790.68,22285.07,11790.68,24762.30,10876.47
rtx5090-gemma-4-31B-it-qat-q4_0,tg128,d16384,4,6.23,0.66,18.73,31.16,84.67,15.97,23.00,36.50,,,,,,
rtx5090-vllm-dockerized-Qwen3.8-27B-NVFP4-CUDA,pp2048,d0,1,10752.58,402.90,10752.58,402.90,,,,,263.17,3.32,175.48,3.32,263.17,3.32
rtx5090-vllm-dockerized-Qwen3.8-27B-NVFP4-CUDA,tg128,d0,1,87.24,0.28,87.24,0.28,88.00,0.00,88.00,0.00,,,,,,
rtx5090-vllm-dockerized-Qwen3.8-27B-NVFP4-CUDA,pp2048,d0,2,8391.81,32.23,6150.04,1020.29,,,,,390.08,43.56,302.39,43.56,390.08,43.56
rtx5090-vllm-dockerized-Qwen3.8-27B-NVFP4-CUDA,tg128,d0,2,149.17,0.52,77.05,1.47,159.00,0.00,79.50,0.50,,,,,,
rtx5090-vllm-dockerized-Qwen3.8-27B-NVFP4-CUDA,pp2048,d0,4,10567.55,122.87,4374.12,1693.26,,,,,567.78,147.49,480.09,147.49,567.78,147.49
rtx5090-vllm-dockerized-Qwen3.8-27B-NVFP4-CUDA,tg128,d0,4,246.84,0.36,70.55,4.69,302.67,0.47,75.67,0.47,,,,,,
rtx5090-vllm-dockerized-Qwen3.8-27B-NVFP4-CUDA,pp2048,d8192,1,10203.66,287.32,10203.66,287.32,,,,,1010.35,30.73,922.66,30.73,1010.35,30.73
rtx5090-vllm-dockerized-Qwen3.8-27B-NVFP4-CUDA,tg128,d8192,1,86.72,0.09,86.72,0.09,87.33,0.47,87.33,0.47,,,,,,
rtx5090-vllm-dockerized-Qwen3.8-27B-NVFP4-CUDA,pp2048,d8192,2,12010.83,273.94,8193.41,1817.86,,,,,1289.56,271.48,1201.87,271.48,1289.56,271.48
rtx5090-vllm-dockerized-Qwen3.8-27B-NVFP4-CUDA,tg128,d8192,2,116.22,1.90,69.14,7.96,154.67,0.47,77.83,0.37,,,,,,
rtx5090-vllm-dockerized-Qwen3.8-27B-NVFP4-CUDA,pp2048,d8192,4,13192.78,64.90,5889.97,2527.61,,,,,1943.52,677.60,1855.83,677.60,1943.52,677.60
rtx5090-vllm-dockerized-Qwen3.8-27B-NVFP4-CUDA,tg128,d8192,4,143.16,0.59,54.59,12.51,289.00,1.41,72.92,0.76,,,,,,
rtx5090-vllm-dockerized-Qwen3.8-27B-NVFP4-CUDA,pp2048,d16384,1,10440.62,110.35,10440.62,110.35,,,,,1689.02,27.98,1601.33,27.98,1689.02,27.98
rtx5090-vllm-dockerized-Qwen3.8-27B-NVFP4-CUDA,tg128,d16384,1,84.81,0.28,84.81,0.28,85.33,0.47,85.33,0.47,,,,,,
rtx5090-vllm-dockerized-Qwen3.8-27B-NVFP4-CUDA,pp2048,d16384,2,11507.41,232.04,7838.06,1910.75,,,,,2346.94,551.27,2259.25,551.27,2348.13,551.30
rtx5090-vllm-dockerized-Qwen3.8-27B-NVFP4-CUDA,tg128,d16384,2,91.87,1.65,62.68,13.43,151.33,0.47,76.50,0.50,,,,,,
rtx5090-vllm-dockerized-Qwen3.8-27B-NVFP4-CUDA,pp2048,d16384,4,11885.21,52.01,5464.52,2546.43,,,,,3771.85,1422.24,3684.17,1422.24,3772.78,1422.11
rtx5090-vllm-dockerized-Qwen3.8-27B-NVFP4-CUDA,tg128,d16384,4,91.21,0.86,44.35,17.46,278.33,2.36,71.17,1.72,,,,,,
trustedtokens_Qwen_Qwen3.5-397B-A17B-FP8,pp2048,d0,1,2271.76,635.72,2271.76,635.72,,,,,1849.60,535.11,555.44,444.00,1849.60,535.11
trustedtokens_Qwen_Qwen3.5-397B-A17B-FP8,tg128,d0,1,132.43,24.41,132.43,24.41,134.36,25.88,134.36,25.88,,,,,,
trustedtokens_Qwen_Qwen3.5-397B-A17B-FP8,pp2048,d0,2,1700.12,75.68,6006.25,6730.30,,,,,1894.90,230.50,529.55,230.50,1894.90,230.50
trustedtokens_Qwen_Qwen3.5-397B-A17B-FP8,tg128,d0,2,207.36,20.14,119.80,15.87,239.33,16.76,120.83,8.49,,,,,,
trustedtokens_Qwen_Qwen3.5-397B-A17B-FP8,pp2048,d0,4,3108.09,415.17,2673.49,1092.68,,,,,2076.33,393.64,725.92,361.68,2076.33,393.64
trustedtokens_Qwen_Qwen3.5-397B-A17B-FP8,tg128,d0,4,277.32,22.14,88.97,15.78,407.67,16.86,105.33,9.05,,,,,,
trustedtokens_Qwen_Qwen3.5-397B-A17B-FP8,pp2048,d8192,1,10032.50,4179.28,10032.50,4179.28,,,,,2451.78,589.96,1086.43,589.96,2451.78,589.96
trustedtokens_Qwen_Qwen3.5-397B-A17B-FP8,tg128,d8192,1,158.77,56.45,158.77,56.45,160.44,61.57,160.44,61.57,,,,,,
trustedtokens_Qwen_Qwen3.5-397B-A17B-FP8,pp2048,d8192,2,5773.70,238.65,5555.56,404.65,,,,,2917.77,125.44,1552.42,125.44,2917.77,125.44
trustedtokens_Qwen_Qwen3.5-397B-A17B-FP8,tg128,d8192,2,183.70,28.69,94.79,13.01,218.00,5.89,109.00,4.62,,,,,,
trustedtokens_Qwen_Qwen3.5-397B-A17B-FP8,pp2048,d8192,4,7831.05,288.42,3430.27,884.10,,,,,3995.25,538.64,2629.90,538.64,3995.25,538.64
trustedtokens_Qwen_Qwen3.5-397B-A17B-FP8,tg128,d8192,4,219.29,8.62,92.17,27.35,417.67,34.57,111.03,13.93,,,,,,
trustedtokens_Qwen_Qwen3.5-397B-A17B-FP8,pp2048,d16384,1,10061.20,2745.98,10061.20,2745.98,,,,,3005.91,442.34,1640.56,442.34,3005.91,442.34
trustedtokens_Qwen_Qwen3.5-397B-A17B-FP8,tg128,d16384,1,118.89,15.03,118.89,15.03,126.73,10.30,126.73,10.30,,,,,,
trustedtokens_Qwen_Qwen3.5-397B-A17B-FP8,pp2048,d16384,2,7968.57,51.17,6480.97,494.35,,,,,3733.96,155.67,2368.61,155.67,3733.96,155.67
trustedtokens_Qwen_Qwen3.5-397B-A17B-FP8,tg128,d16384,2,185.31,2.71,100.94,11.44,228.67,5.56,117.00,5.07,,,,,,
trustedtokens_Qwen_Qwen3.5-397B-A17B-FP8,pp2048,d16384,4,9033.02,478.82,3967.30,1307.97,,,,,5605.22,1182.08,4239.87,1182.08,5605.22,1182.08
trustedtokens_Qwen_Qwen3.5-397B-A17B-FP8,tg128,d16384,4,132.33,1.29,70.34,31.46,408.33,49.95,104.58,14.33,,,,,,
trustedtokens_Qwen_Qwen3.6-35B-A3B-FP8,pp2048,d0,1,4627.10,0.00,4627.10,0.00,,,,,1521.31,290.88,133.70,189.09,1521.31,290.88
trustedtokens_Qwen_Qwen3.6-35B-A3B-FP8,tg128,d0,1,401.70,145.50,401.70,145.50,417.41,161.42,417.41,161.42,,,,,,
trustedtokens_Qwen_Qwen3.6-35B-A3B-FP8,pp2048,d0,2,2177.99,500.46,17969.01,17969.25,,,,,1691.29,381.03,233.15,322.72,1691.29,381.03
trustedtokens_Qwen_Qwen3.6-35B-A3B-FP8,tg128,d0,2,424.80,24.95,359.55,250.27,427.87,25.24,376.20,278.10,,,,,,
trustedtokens_Qwen_Qwen3.6-35B-A3B-FP8,pp2048,d0,4,2719.97,567.27,3332.40,3465.07,,,,,2318.60,667.54,819.13,633.55,2318.60,667.54
trustedtokens_Qwen_Qwen3.6-35B-A3B-FP8,tg128,d0,4,462.06,62.16,559.75,1093.07,541.33,7.76,567.88,1101.14,,,,,,
trustedtokens_Qwen_Qwen3.6-35B-A3B-FP8,pp2048,d8192,1,13046.86,2791.10,13046.86,2791.10,,,,,2246.50,134.01,722.37,134.01,2246.50,134.01
trustedtokens_Qwen_Qwen3.6-35B-A3B-FP8,tg128,d8192,1,341.93,41.43,341.93,41.43,350.64,44.22,350.64,44.22,,,,,,
trustedtokens_Qwen_Qwen3.6-35B-A3B-FP8,pp2048,d8192,2,7443.55,916.65,11189.47,2644.82,,,,,2402.94,273.56,878.81,273.56,2402.94,273.56
trustedtokens_Qwen_Qwen3.6-35B-A3B-FP8,tg128,d8192,2,455.39,138.51,285.39,108.77,458.73,139.50,287.94,109.98,,,,,,
trustedtokens_Qwen_Qwen3.6-35B-A3B-FP8,pp2048,d8192,4,13311.27,820.49,11206.44,4878.36,,,,,2467.08,332.25,942.95,332.25,2467.08,332.25
trustedtokens_Qwen_Qwen3.6-35B-A3B-FP8,tg128,d8192,4,444.05,10.35,188.53,51.64,544.67,6.94,194.00,48.84,,,,,,
trustedtokens_Qwen_Qwen3.6-35B-A3B-FP8,pp2048,d16384,1,11805.81,1584.41,11805.81,1584.41,,,,,2928.05,177.81,1403.93,177.81,2928.05,177.81
trustedtokens_Qwen_Qwen3.6-35B-A3B-FP8,tg128,d16384,1,299.29,44.95,299.29,44.95,315.58,48.84,315.58,48.84,,,,,,
trustedtokens_Qwen_Qwen3.6-35B-A3B-FP8,pp2048,d16384,2,10996.36,847.95,14015.26,3613.31,,,,,2764.94,303.66,1240.81,303.66,2764.94,303.66
trustedtokens_Qwen_Qwen3.6-35B-A3B-FP8,tg128,d16384,2,295.22,58.56,225.96,103.30,312.74,47.09,230.86,101.42,,,,,,
trustedtokens_Qwen_Qwen3.6-35B-A3B-FP8,pp2048,d16384,4,18464.21,1768.57,10705.93,3782.88,,,,,3186.60,422.82,1662.48,422.82,3186.60,422.82
trustedtokens_Qwen_Qwen3.6-35B-A3B-FP8,tg128,d16384,4,384.90,46.76,146.98,52.50,542.67,4.78,165.23,41.01,,,,,,
trustedtokens_deepseek-ai_DeepSeek-V4-Flash-0731,pp2048,d0,1,3115.60,786.87,3115.60,786.87,,,,,1438.73,136.34,590.21,136.34,1438.73,136.34
trustedtokens_deepseek-ai_DeepSeek-V4-Flash-0731,tg128,d0,1,88.88,3.56,88.88,3.56,101.00,6.16,101.00,6.16,,,,,,
trustedtokens_deepseek-ai_DeepSeek-V4-Flash-0731,pp2048,d0,2,2385.49,115.24,2785.77,295.40,,,,,1496.17,77.02,647.64,77.02,1496.17,77.02
trustedtokens_deepseek-ai_DeepSeek-V4-Flash-0731,tg128,d0,2,170.96,13.36,85.19,6.77,191.00,10.23,95.50,5.50,,,,,,
trustedtokens_deepseek-ai_DeepSeek-V4-Flash-0731,pp2048,d0,4,3305.79,665.13,1627.94,524.60,,,,,2041.06,379.54,1192.53,379.54,2041.06,379.54
trustedtokens_deepseek-ai_DeepSeek-V4-Flash-0731,tg128,d0,4,272.30,97.23,83.27,42.18,349.00,103.12,94.67,36.27,,,,,,
trustedtokens_deepseek-ai_DeepSeek-V4-Flash-0731,pp2048,d8192,1,12896.71,2162.29,12896.71,2162.29,,,,,1562.87,131.40,714.34,131.40,1562.87,131.40
trustedtokens_deepseek-ai_DeepSeek-V4-Flash-0731,tg128,d8192,1,83.66,4.68,83.66,4.68,94.33,3.68,94.33,3.68,,,,,,
trustedtokens_deepseek-ai_DeepSeek-V4-Flash-0731,pp2048,d8192,2,7367.74,1557.12,5841.13,1896.62,,,,,2546.26,489.21,1697.73,489.21,2546.26,489.21
trustedtokens_deepseek-ai_DeepSeek-V4-Flash-0731,tg128,d8192,2,144.42,12.31,72.33,5.88,174.00,18.46,87.00,9.35,,,,,,
trustedtokens_deepseek-ai_DeepSeek-V4-Flash-0731,pp2048,d8192,4,9583.81,23.58,3123.99,51.59,,,,,3751.42,42.24,2902.90,42.24,3751.42,42.24
trustedtokens_deepseek-ai_DeepSeek-V4-Flash-0731,tg128,d8192,4,257.84,14.70,66.03,4.98,314.33,12.66,78.67,4.29,,,,,,
trustedtokens_deepseek-ai_DeepSeek-V4-Flash-0731,pp2048,d16384,1,7557.27,641.99,7557.27,641.99,,,,,3013.89,215.00,2165.37,215.00,3013.89,215.00
trustedtokens_deepseek-ai_DeepSeek-V4-Flash-0731,tg128,d16384,1,100.20,3.58,100.20,3.58,101.00,4.24,101.00,4.24,,,,,,
trustedtokens_deepseek-ai_DeepSeek-V4-Flash-0731,pp2048,d16384,2,8138.50,693.43,5224.63,588.93,,,,,3998.12,386.58,3149.60,386.58,3998.12,386.58
trustedtokens_deepseek-ai_DeepSeek-V4-Flash-0731,tg128,d16384,2,136.62,7.60,69.06,4.27,161.33,8.18,80.83,3.89,,,,,,
trustedtokens_deepseek-ai_DeepSeek-V4-Flash-0731,pp2048,d16384,4,9964.91,550.43,2896.43,155.41,,,,,6486.42,289.02,5637.89,289.02,6486.42,289.02
trustedtokens_deepseek-ai_DeepSeek-V4-Flash-0731,tg128,d16384,4,230.38,6.24,58.91,2.00,301.00,19.82,75.33,5.06,,,,,,
trustedtokens_google_gemma-4-31B-it,pp2048,d0,1,15032.91,0.00,15032.91,0.00,,,,,1485.15,101.17,41.33,58.45,1485.15,101.17
trustedtokens_google_gemma-4-31B-it,tg128,d0,1,142.74,16.61,142.74,16.61,143.72,17.32,143.72,17.32,,,,,,
trustedtokens_google_gemma-4-31B-it,pp2048,d0,2,2210.73,562.00,6128.34,2926.04,,,,,1574.40,450.48,230.09,323.28,1574.40,450.48
trustedtokens_google_gemma-4-31B-it,tg128,d0,2,171.37,26.13,115.06,37.44,232.00,29.88,126.93,33.83,,,,,,
trustedtokens_google_gemma-4-31B-it,pp2048,d0,4,3575.69,322.88,6191.87,4949.05,,,,,1905.77,279.83,415.94,269.74,1905.77,279.83
trustedtokens_google_gemma-4-31B-it,tg128,d0,4,309.42,31.91,102.68,17.64,466.00,31.02,117.83,18.52,,,,,,
trustedtokens_google_gemma-4-31B-it,pp2048,d8192,1,10295.12,1625.32,10295.12,1625.32,,,,,2382.36,130.17,886.37,130.17,2382.36,130.17
trustedtokens_google_gemma-4-31B-it,tg128,d8192,1,86.68,18.68,86.68,18.68,96.00,16.06,96.00,16.06,,,,,,
trustedtokens_google_gemma-4-31B-it,pp2048,d8192,2,4030.76,195.16,3190.54,428.99,,,,,4379.98,333.21,2883.98,333.21,4379.98,333.21
trustedtokens_google_gemma-4-31B-it,tg128,d8192,2,131.34,8.32,71.82,5.41,172.67,12.76,86.33,6.77,,,,,,
trustedtokens_google_gemma-4-31B-it,pp2048,d8192,4,5369.98,182.14,1815.84,160.15,,,,,6539.21,440.77,5043.21,440.77,6539.21,440.77
trustedtokens_google_gemma-4-31B-it,tg128,d8192,4,191.30,32.64,69.84,15.66,355.67,56.96,92.92,17.53,,,,,,
trustedtokens_google_gemma-4-31B-it,pp2048,d16384,1,5419.32,1276.56,5419.32,1276.56,,,,,4690.49,656.82,3194.49,656.82,4690.49,656.82
trustedtokens_google_gemma-4-31B-it,tg128,d16384,1,54.73,5.52,54.73,5.52,68.67,3.40,68.67,3.40,,,,,,
trustedtokens_google_gemma-4-31B-it,pp2048,d16384,2,4251.46,108.60,2744.51,201.71,,,,,7477.44,380.25,5981.44,380.25,7477.44,380.25
trustedtokens_google_gemma-4-31B-it,tg128,d16384,2,98.83,13.39,56.29,9.79,138.67,28.19,72.67,13.29,,,,,,
trustedtokens_google_gemma-4-31B-it,pp2048,d16384,4,4703.67,114.29,1338.36,46.81,,,,,13777.34,478.63,12281.34,478.63,13777.34,478.63
trustedtokens_google_gemma-4-31B-it,tg128,d16384,4,158.86,5.17,53.43,11.05,243.67,8.01,66.83,11.44,,,,,,
